-- phpMyAdmin SQL Dump
-- version 5.2.1
-- https://www.phpmyadmin.net/
--
-- Servidor: 127.0.0.1
-- Tiempo de generación: 19-12-2025 a las 03:00:16
-- Versión del servidor: 10.4.32-MariaDB
-- Versión de PHP: 8.2.12

SET SQL_MODE = "NO_AUTO_VALUE_ON_ZERO";
START TRANSACTION;
SET time_zone = "+00:00";


/*!40101 SET @OLD_CHARACTER_SET_CLIENT=@@CHARACTER_SET_CLIENT */;
/*!40101 SET @OLD_CHARACTER_SET_RESULTS=@@CHARACTER_SET_RESULTS */;
/*!40101 SET @OLD_COLLATION_CONNECTION=@@COLLATION_CONNECTION */;
/*!40101 SET NAMES utf8mb4 */;

--
-- Base de datos: `control_acceso`
--

-- --------------------------------------------------------

--
-- Estructura de tabla para la tabla `access_logs`
--

CREATE TABLE `access_logs` (
  `id` bigint(20) UNSIGNED NOT NULL,
  `user_id` int(10) UNSIGNED NOT NULL,
  `jti` char(36) NOT NULL,
  `scanned_at` datetime NOT NULL DEFAULT current_timestamp(),
  `within_shift` tinyint(1) NOT NULL DEFAULT 0,
  `ip` varchar(45) DEFAULT NULL,
  `user_agent` varchar(255) DEFAULT NULL,
  `username` varchar(50) NOT NULL,
  `nombre` varchar(80) DEFAULT NULL,
  `apellido` varchar(80) DEFAULT NULL,
  `role` enum('admin','user','seguridad') NOT NULL,
  `dni` varchar(20) DEFAULT NULL,
  `turno` enum('mañana','tarde','noche') DEFAULT NULL
) ENGINE=InnoDB DEFAULT CHARSET=utf8mb4 COLLATE=utf8mb4_unicode_ci;

--
-- Volcado de datos para la tabla `access_logs`
--

INSERT INTO `access_logs` (`id`, `user_id`, `jti`, `scanned_at`, `within_shift`, `ip`, `user_agent`, `username`, `nombre`, `apellido`, `role`, `dni`, `turno`) VALUES
(1, 1, '6feb619a-17a2-4732-b615-5afd6994eb67', '2025-09-29 21:17:39', 0, '::ffff:127.0.0.1', 'Mozilla/5.0 (Windows NT 10.0; Win64; x64; rv:143.0) Gecko/20100101 Firefox/143.0', 'admin', 'Javier', 'Beltrán', 'admin', '40.123.456', 'mañana'),
(2, 1, '269cec35-1771-467e-b751-015bfbcdb521', '2025-09-29 21:42:02', 0, '::ffff:127.0.0.1', 'Mozilla/5.0 (Windows NT 10.0; Win64; x64; rv:143.0) Gecko/20100101 Firefox/143.0', 'admin', 'Javier', 'Beltrán', 'admin', '40.123.456', 'mañana'),
(3, 2, '67936811-6145-44fe-8ec2-815c5ae81a6b', '2025-09-29 21:54:59', 1, '::ffff:127.0.0.1', 'Mozilla/5.0 (Windows NT 10.0; Win64; x64; rv:143.0) Gecko/20100101 Firefox/143.0', 'noche1', 'Carlos', 'Gómez', 'user', '40.555.222', 'noche'),
(4, 5, '7e0b1b7f-a62f-4ebb-83a3-6d680b5a592d', '2025-10-01 15:26:49', 0, '::ffff:127.0.0.1', 'Mozilla/5.0 (Windows NT 10.0; Win64; x64; rv:143.0) Gecko/20100101 Firefox/143.0', 'alumno3n', 'Mateo', 'Fernández', 'user', '45.678.901', 'noche'),
(5, 4, '61ed559b-172a-4e84-b677-c2048cfb6f91', '2025-10-01 18:40:00', 0, '::ffff:127.0.0.1', 'Mozilla/5.0 (Windows NT 10.0; Win64; x64; rv:143.0) Gecko/20100101 Firefox/143.0', 'alumno1', 'Lucía', 'Pérez', 'user', '41.111.222', 'mañana'),
(6, 1, '567bb104-0733-4f14-897d-4bffbe39db64', '2025-12-16 17:44:59', 0, '::1', 'Mozilla/5.0 (Windows NT 10.0; Win64; x64) AppleWebKit/537.36 (KHTML, like Gecko) Chrome/143.0.0.0 Safari/537.36', 'admin', 'Javier', 'Beltrán', 'admin', '40.123.456', 'mañana'),
(7, 1, '792b546f-872d-4f7b-bb75-b5b465300318', '2025-12-16 19:26:30', 0, '::1', 'Mozilla/5.0 (Windows NT 10.0; Win64; x64) AppleWebKit/537.36 (KHTML, like Gecko) Chrome/143.0.0.0 Safari/537.36', 'admin', 'Javier', 'Beltrán', 'admin', '40.123.456', 'mañana'),
(9, 1, '0bd30f12-9fbb-4abc-9929-543926012e1b', '2025-12-16 21:46:29', 0, '::1', 'Mozilla/5.0 (Windows NT 10.0; Win64; x64) AppleWebKit/537.36 (KHTML, like Gecko) Chrome/143.0.0.0 Safari/537.36', 'admin', 'Javier', 'Beltrán', 'admin', '40.123.456', 'mañana'),
(10, 17, 'bda9d1b5-9c59-4c62-860c-38279f24ef8f', '2025-12-17 14:55:28', 0, '::1', 'Mozilla/5.0 (Windows NT 10.0; Win64; x64) AppleWebKit/537.36 (KHTML, like Gecko) Chrome/143.0.0.0 Safari/537.36', 'federico', 'Federico', 'Álvarez', 'seguridad', '40.100010', 'mañana'),
(11, 1, '358c6f80-e26a-447a-bf4a-8e93950210c9', '2025-12-17 21:21:02', 0, '::1', 'Mozilla/5.0 (Windows NT 10.0; Win64; x64) AppleWebKit/537.36 (KHTML, like Gecko) Chrome/143.0.0.0 Safari/537.36', 'admin', 'Javier', 'Beltrán', 'admin', '40.123.456', 'mañana'),
(15, 8, 'b061a7bf-3e09-49ae-a8c1-e5612d909ec9', '2025-12-18 18:06:00', 0, '::1', 'Mozilla/5.0 (Windows NT 10.0; Win64; x64) AppleWebKit/537.36 (KHTML, like Gecko) Chrome/143.0.0.0 Safari/537.36', 'jose', 'José', 'Gómez', 'user', '40.100001', 'mañana');

-- --------------------------------------------------------

--
-- Estructura de tabla para la tabla `class_schedules`
--

CREATE TABLE `class_schedules` (
  `id` bigint(20) UNSIGNED NOT NULL,
  `anio` tinyint(1) NOT NULL,
  `turno` enum('mañana','tarde','noche') NOT NULL,
  `day` enum('lun','mar','mie','jue','vie','sab') NOT NULL,
  `date` date DEFAULT NULL,
  `subject_id` int(10) UNSIGNED NOT NULL,
  `teacher` varchar(120) NOT NULL,
  `start_time` time NOT NULL,
  `end_time` time NOT NULL
) ENGINE=InnoDB DEFAULT CHARSET=utf8mb4 COLLATE=utf8mb4_unicode_ci;

--
-- Volcado de datos para la tabla `class_schedules`
--

INSERT INTO `class_schedules` (`id`, `anio`, `turno`, `day`, `date`, `subject_id`, `teacher`, `start_time`, `end_time`) VALUES
(1, 1, 'mañana', 'lun', NULL, 4, 'Prof. Ramírez', '08:00:00', '10:00:00'),
(2, 1, 'mañana', 'lun', NULL, 3, 'Ing. Duarte', '10:00:00', '12:00:00'),
(7, 1, 'mañana', 'jue', NULL, 2, 'Ing. Benítez', '08:00:00', '10:00:00'),
(8, 1, 'mañana', 'jue', NULL, 8, 'Lic. Sosa', '10:00:00', '12:00:00'),
(9, 1, 'mañana', 'vie', NULL, 4, 'Ing. Peralta', '08:00:00', '10:00:00'),
(10, 1, 'mañana', 'vie', NULL, 3, 'Ing. Duarte', '10:00:00', '12:00:00'),
(11, 1, 'tarde', 'lun', NULL, 4, 'Prof. Ramírez', '13:00:00', '15:00:00'),
(12, 1, 'tarde', 'lun', NULL, 3, 'Ing. Duarte', '15:00:00', '17:00:00'),
(13, 1, 'tarde', 'mar', NULL, 1, 'Lic. Paredes', '13:00:00', '15:00:00'),
(14, 1, 'tarde', 'mar', NULL, 7, 'Prof. Figueroa', '15:00:00', '17:00:00'),
(15, 1, 'tarde', 'mie', NULL, 5, 'Esp. Medina', '13:00:00', '15:00:00'),
(16, 1, 'tarde', 'mie', NULL, 6, 'Lic. Quintero', '15:00:00', '17:00:00'),
(17, 1, 'tarde', 'jue', NULL, 2, 'Ing. Benítez', '13:00:00', '15:00:00'),
(18, 1, 'tarde', 'jue', NULL, 8, 'Lic. Sosa', '15:00:00', '17:00:00'),
(19, 1, 'tarde', 'vie', NULL, 4, 'Prof. Ramírez', '13:00:00', '15:00:00'),
(20, 1, 'tarde', 'vie', NULL, 3, 'Ing. Duarte', '15:00:00', '17:00:00'),
(21, 1, 'noche', 'lun', NULL, 4, 'Prof. Ramírez', '18:00:00', '20:00:00'),
(22, 1, 'noche', 'lun', NULL, 3, 'Ing. Duarte', '20:00:00', '22:00:00'),
(23, 1, 'noche', 'mar', NULL, 1, 'Lic. Paredes', '18:00:00', '20:00:00'),
(24, 1, 'noche', 'mar', NULL, 7, 'Prof. Figueroa', '20:00:00', '22:00:00'),
(25, 1, 'noche', 'mie', NULL, 5, 'Esp. Medina', '18:00:00', '20:00:00'),
(26, 1, 'noche', 'mie', NULL, 6, 'Lic. Quintero', '20:00:00', '22:00:00'),
(27, 1, 'noche', 'jue', NULL, 2, 'Ing. Benítez', '18:00:00', '20:00:00'),
(28, 1, 'noche', 'jue', NULL, 8, 'Lic. Sosa', '20:00:00', '22:00:00'),
(29, 1, 'noche', 'vie', NULL, 4, 'Prof. Ramírez', '18:00:00', '20:00:00'),
(30, 1, 'noche', 'vie', NULL, 3, 'Ing. Duarte', '20:00:00', '22:00:00'),
(31, 2, 'mañana', 'lun', NULL, 13, 'Ing. Rivas', '08:00:00', '10:00:00'),
(32, 2, 'mañana', 'lun', NULL, 15, 'Lic. Campos', '10:00:00', '12:00:00'),
(33, 2, 'mañana', 'mar', NULL, 10, 'Ing. Duarte', '08:00:00', '10:00:00'),
(34, 2, 'mañana', 'mar', NULL, 11, 'Lic. Molina', '10:00:00', '12:00:00'),
(35, 2, 'mañana', 'mie', NULL, 14, 'Ing. Salas', '08:00:00', '10:00:00'),
(36, 2, 'mañana', 'mie', NULL, 12, 'Ing. Iglesias', '10:00:00', '12:00:00'),
(37, 2, 'mañana', 'jue', NULL, 9, 'Prof. Taylor', '08:00:00', '10:00:00'),
(38, 2, 'mañana', 'jue', NULL, 16, 'Ing. Soto', '10:00:00', '12:00:00'),
(39, 2, 'mañana', 'vie', NULL, 13, 'Ing. Rivas', '08:00:00', '10:00:00'),
(40, 2, 'mañana', 'vie', NULL, 15, 'Lic. Campos', '10:00:00', '12:00:00'),
(41, 2, 'tarde', 'lun', NULL, 13, 'Ing. Rivas', '13:00:00', '15:00:00'),
(42, 2, 'tarde', 'lun', NULL, 15, 'Lic. Campos', '15:00:00', '17:00:00'),
(43, 2, 'tarde', 'mar', NULL, 10, 'Ing. Duarte', '13:00:00', '15:00:00'),
(44, 2, 'tarde', 'mar', NULL, 11, 'Lic. Molina', '15:00:00', '17:00:00'),
(45, 2, 'tarde', 'mie', NULL, 14, 'Ing. Salas', '13:00:00', '15:00:00'),
(46, 2, 'tarde', 'mie', NULL, 12, 'Ing. Iglesias', '15:00:00', '17:00:00'),
(47, 2, 'tarde', 'jue', NULL, 9, 'Prof. Taylor', '13:00:00', '15:00:00'),
(48, 2, 'tarde', 'jue', NULL, 16, 'Ing. Soto', '15:00:00', '17:00:00'),
(49, 2, 'tarde', 'vie', NULL, 13, 'Ing. Rivas', '13:00:00', '15:00:00'),
(50, 2, 'tarde', 'vie', NULL, 15, 'Lic. Campos', '15:00:00', '17:00:00'),
(51, 2, 'noche', 'lun', NULL, 13, 'Ing. Rivas', '18:00:00', '20:00:00'),
(52, 2, 'noche', 'lun', NULL, 15, 'Lic. Campos', '20:00:00', '22:00:00'),
(53, 2, 'noche', 'mar', NULL, 10, 'Ing. Duarte', '18:00:00', '20:00:00'),
(54, 2, 'noche', 'mar', NULL, 11, 'Lic. Molina', '20:00:00', '22:00:00'),
(55, 2, 'noche', 'mie', NULL, 14, 'Ing. Salas', '18:00:00', '20:00:00'),
(56, 2, 'noche', 'mie', NULL, 12, 'Ing. Iglesias', '20:00:00', '22:00:00'),
(57, 2, 'noche', 'jue', NULL, 9, 'Prof. Taylor', '18:00:00', '20:00:00'),
(58, 2, 'noche', 'jue', NULL, 16, 'Ing. Soto', '20:00:00', '22:00:00'),
(59, 2, 'noche', 'vie', NULL, 13, 'Ing. Rivas', '18:00:00', '20:00:00'),
(60, 2, 'noche', 'vie', NULL, 15, 'Lic. Campos', '20:00:00', '22:00:00'),
(61, 3, 'mañana', 'lun', NULL, 22, 'Ing. Vera', '08:00:00', '10:00:00'),
(62, 3, 'mañana', 'lun', NULL, 20, 'Ing. Cabrera', '10:00:00', '12:00:00'),
(63, 3, 'mañana', 'mar', NULL, 21, 'Ing. Soria', '08:00:00', '10:00:00'),
(64, 3, 'mañana', 'mar', NULL, 17, 'Prof. Taylor', '10:00:00', '12:00:00'),
(65, 3, 'mañana', 'mie', NULL, 22, 'Ing. Vera', '08:00:00', '10:00:00'),
(66, 3, 'mañana', 'mie', NULL, 18, 'Abog. Díaz', '10:00:00', '12:00:00'),
(67, 3, 'mañana', 'jue', NULL, 20, 'Ing. Cabrera', '08:00:00', '10:00:00'),
(68, 3, 'mañana', 'jue', NULL, 19, 'Esp. Medina', '10:00:00', '12:00:00'),
(69, 3, 'mañana', 'vie', NULL, 21, 'Ing. Soria', '08:00:00', '10:00:00'),
(70, 3, 'mañana', 'vie', NULL, 23, 'Ing. Soto', '10:00:00', '12:00:00'),
(71, 3, 'tarde', 'lun', NULL, 22, 'Ing. Vera', '13:00:00', '15:00:00'),
(72, 3, 'tarde', 'lun', NULL, 20, 'Ing. Cabrera', '15:00:00', '17:00:00'),
(73, 3, 'tarde', 'mar', NULL, 21, 'Ing. Soria', '13:00:00', '15:00:00'),
(74, 3, 'tarde', 'mar', NULL, 17, 'Prof. Taylor', '15:00:00', '17:00:00'),
(75, 3, 'tarde', 'mie', NULL, 22, 'Ing. Vera', '13:00:00', '15:00:00'),
(76, 3, 'tarde', 'mie', NULL, 18, 'Abog. Díaz', '15:00:00', '17:00:00'),
(77, 3, 'tarde', 'jue', NULL, 20, 'Ing. Cabrera', '13:00:00', '15:00:00'),
(78, 3, 'tarde', 'jue', NULL, 19, 'Esp. Medina', '15:00:00', '17:00:00'),
(79, 3, 'tarde', 'vie', NULL, 21, 'Ing. Soria', '13:00:00', '15:00:00'),
(80, 3, 'tarde', 'vie', NULL, 23, 'Ing. Soto', '15:00:00', '17:00:00'),
(81, 3, 'noche', 'lun', NULL, 22, 'Ing. Vera', '18:00:00', '20:00:00'),
(82, 3, 'noche', 'lun', NULL, 20, 'Ing. Cabrera', '20:00:00', '22:00:00'),
(83, 3, 'noche', 'mar', NULL, 21, 'Ing. Soria', '18:00:00', '20:00:00'),
(84, 3, 'noche', 'mar', NULL, 17, 'Prof. Taylor', '20:00:00', '22:00:00'),
(85, 3, 'noche', 'mie', NULL, 22, 'Ing. Vera', '18:00:00', '20:00:00'),
(86, 3, 'noche', 'mie', NULL, 18, 'Abog. Díaz', '20:00:00', '22:00:00'),
(87, 3, 'noche', 'jue', NULL, 20, 'Ing. Cabrera', '18:00:00', '20:00:00'),
(88, 3, 'noche', 'jue', NULL, 19, 'Esp. Medina', '20:00:00', '22:00:00'),
(89, 3, 'noche', 'vie', NULL, 21, 'Ing. Soria', '18:00:00', '20:00:00'),
(90, 3, 'noche', 'vie', NULL, 23, 'Ing. Soto', '20:00:00', '22:00:00'),
(92, 1, 'mañana', 'mar', NULL, 3, 'Jose Martinez', '18:10:00', '20:00:00'),
(93, 1, 'mañana', 'mar', NULL, 1, 'Lic. Paredes', '10:09:00', '11:11:00'),
(96, 1, 'mañana', 'mie', NULL, 5, 'asd', '11:11:00', '11:11:00'),
(99, 1, 'mañana', 'mie', NULL, 1, 'Asd', '10:11:00', '11:11:00');

-- --------------------------------------------------------

--
-- Estructura de tabla para la tabla `ingresos`
--

CREATE TABLE `ingresos` (
  `id` int(11) NOT NULL,
  `nombre` varchar(255) NOT NULL,
  `dni` varchar(50) NOT NULL,
  `celular` varchar(50) NOT NULL,
  `motivo` varchar(255) NOT NULL,
  `estado` enum('DENTRO','FUERA') DEFAULT 'DENTRO',
  `ingreso_at` timestamp NOT NULL DEFAULT current_timestamp(),
  `egreso_at` timestamp NULL DEFAULT NULL,
  `duration_seconds` int(11) DEFAULT NULL,
  `created_by` int(11) NOT NULL
) ENGINE=InnoDB DEFAULT CHARSET=utf8mb4 COLLATE=utf8mb4_general_ci;

--
-- Volcado de datos para la tabla `ingresos`
--

INSERT INTO `ingresos` (`id`, `nombre`, `dni`, `celular`, `motivo`, `estado`, `ingreso_at`, `egreso_at`, `duration_seconds`, `created_by`) VALUES
(29, 'aaaaaaa', '11111111', '1111111111111', 'aaaaaaa', 'DENTRO', '2025-12-18 21:39:13', NULL, NULL, 7),
(30, 'aaaaaaa', '11111111', '11111111', '1asasda', 'DENTRO', '2025-12-18 21:39:34', NULL, NULL, 7),
(31, 'Nombre 1', '10000001', '111111101', 'Motivo de ingreso 1', 'DENTRO', '2025-12-18 11:00:00', NULL, NULL, 0),
(32, 'Nombre 2', '10000002', '111111102', 'Motivo de ingreso 2', 'FUERA', '2025-12-18 11:05:00', NULL, NULL, 0),
(33, 'Nombre 3', '10000003', '111111103', 'Motivo de ingreso 3', 'DENTRO', '2025-12-18 11:10:00', NULL, NULL, 0),
(34, 'Nombre 4', '10000004', '111111104', 'Motivo de ingreso 4', 'FUERA', '2025-12-18 11:15:00', NULL, NULL, 0),
(35, 'Nombre 5', '10000005', '111111105', 'Motivo de ingreso 5', 'DENTRO', '2025-12-18 11:20:00', NULL, NULL, 0),
(36, 'Nombre 6', '10000006', '111111106', 'Motivo de ingreso 6', 'FUERA', '2025-12-18 11:25:00', NULL, NULL, 0),
(37, 'Nombre 7', '10000007', '111111107', 'Motivo de ingreso 7', 'DENTRO', '2025-12-18 11:30:00', NULL, NULL, 0),
(38, 'Nombre 8', '10000008', '111111108', 'Motivo de ingreso 8', 'FUERA', '2025-12-18 11:35:00', NULL, NULL, 0),
(39, 'Nombre 9', '10000009', '111111109', 'Motivo de ingreso 9', 'DENTRO', '2025-12-18 11:40:00', NULL, NULL, 0),
(40, 'Nombre 10', '10000010', '111111110', 'Motivo de ingreso 10', 'FUERA', '2025-12-18 11:45:00', NULL, NULL, 0),
(41, 'Nombre 11', '10000011', '111111111', 'Motivo de ingreso 11', 'DENTRO', '2025-12-18 11:50:00', NULL, NULL, 0),
(42, 'Nombre 12', '10000012', '111111112', 'Motivo de ingreso 12', 'FUERA', '2025-12-18 11:55:00', NULL, NULL, 0),
(43, 'Nombre 13', '10000013', '111111113', 'Motivo de ingreso 13', 'DENTRO', '2025-12-18 12:00:00', NULL, NULL, 0),
(44, 'Nombre 14', '10000014', '111111114', 'Motivo de ingreso 14', 'FUERA', '2025-12-18 12:05:00', NULL, NULL, 0),
(45, 'Nombre 15', '10000015', '111111115', 'Motivo de ingreso 15', 'DENTRO', '2025-12-18 12:10:00', NULL, NULL, 0),
(46, 'Nombre 16', '10000016', '111111116', 'Motivo de ingreso 16', 'FUERA', '2025-12-18 12:15:00', NULL, NULL, 0),
(47, 'Nombre 17', '10000017', '111111117', 'Motivo de ingreso 17', 'DENTRO', '2025-12-18 12:20:00', NULL, NULL, 0),
(48, 'Nombre 18', '10000018', '111111118', 'Motivo de ingreso 18', 'FUERA', '2025-12-18 12:25:00', NULL, NULL, 0),
(49, 'Nombre 19', '10000019', '111111119', 'Motivo de ingreso 19', 'DENTRO', '2025-12-18 12:30:00', NULL, NULL, 0),
(50, 'Nombre 20', '10000020', '111111120', 'Motivo de ingreso 20', 'FUERA', '2025-12-18 12:35:00', NULL, NULL, 0),
(51, 'Nombre 21', '10000021', '111111121', 'Motivo de ingreso 21', 'DENTRO', '2025-12-18 12:40:00', NULL, NULL, 0),
(52, 'Nombre 22', '10000022', '111111122', 'Motivo de ingreso 22', 'FUERA', '2025-12-18 12:45:00', NULL, NULL, 0),
(53, 'Nombre 23', '10000023', '111111123', 'Motivo de ingreso 23', 'DENTRO', '2025-12-18 12:50:00', NULL, NULL, 0),
(54, 'Nombre 24', '10000024', '111111124', 'Motivo de ingreso 24', 'FUERA', '2025-12-18 12:55:00', NULL, NULL, 0),
(55, 'Nombre 25', '10000025', '111111125', 'Motivo de ingreso 25', 'DENTRO', '2025-12-18 13:00:00', NULL, NULL, 0),
(56, 'Nombre 26', '10000026', '111111126', 'Motivo de ingreso 26', 'FUERA', '2025-12-18 13:05:00', NULL, NULL, 0),
(57, 'Nombre 27', '10000027', '111111127', 'Motivo de ingreso 27', 'DENTRO', '2025-12-18 13:10:00', NULL, NULL, 0),
(58, 'Nombre 28', '10000028', '111111128', 'Motivo de ingreso 28', 'FUERA', '2025-12-18 13:15:00', NULL, NULL, 0),
(59, 'Nombre 29', '10000029', '111111129', 'Motivo de ingreso 29', 'DENTRO', '2025-12-18 13:20:00', NULL, NULL, 0),
(60, 'Nombre 30', '10000030', '111111130', 'Motivo de ingreso 30', 'FUERA', '2025-12-18 13:25:00', NULL, NULL, 0),
(61, 'UsuarioPrueba', '1111111', '1111111', 'Visita', 'FUERA', '2025-12-19 00:02:29', '2025-12-19 00:03:51', 82, 7);

-- --------------------------------------------------------

--
-- Estructura de tabla para la tabla `password_resets`
--

CREATE TABLE `password_resets` (
  `id` int(10) UNSIGNED NOT NULL,
  `user_id` int(10) UNSIGNED NOT NULL,
  `token_hash` char(64) NOT NULL,
  `expires_at` datetime NOT NULL,
  `used_at` datetime DEFAULT NULL,
  `ip` varchar(45) DEFAULT NULL,
  `user_agent` varchar(255) DEFAULT NULL,
  `created_at` timestamp NOT NULL DEFAULT current_timestamp()
) ENGINE=InnoDB DEFAULT CHARSET=utf8mb4 COLLATE=utf8mb4_unicode_ci;

--
-- Volcado de datos para la tabla `password_resets`
--

INSERT INTO `password_resets` (`id`, `user_id`, `token_hash`, `expires_at`, `used_at`, `ip`, `user_agent`, `created_at`) VALUES
(1, 1, '6a4c8415cd3e67cf7845623f439311a361ba4a683c5da338898d77f92084d024', '2025-09-28 20:22:31', '2025-09-28 20:07:51', '::ffff:127.0.0.1', 'Mozilla/5.0 (Windows NT 10.0; Win64; x64; rv:143.0) Gecko/20100101 Firefox/143.0', '2025-09-28 23:07:31'),
(2, 1, '009ae8f9417ab882ef829401e5eb3bcfb5d439cd5d3fce81b7b2b6e35e6a3998', '2025-09-28 20:23:43', NULL, '::ffff:127.0.0.1', 'Mozilla/5.0 (Windows NT 10.0; Win64; x64; rv:143.0) Gecko/20100101 Firefox/143.0', '2025-09-28 23:08:43'),
(3, 2, 'e483e7414cada4a9ce3e6044fe6c321ca36379d8c2ab2bc599c4d4a17e913220', '2025-09-29 22:09:01', '2025-09-29 21:54:35', '::ffff:127.0.0.1', 'Mozilla/5.0 (Windows NT 10.0; Win64; x64; rv:143.0) Gecko/20100101 Firefox/143.0', '2025-09-30 00:54:01'),
(4, 6, 'd86384325841c64d41b3b0c13517b91a4a1356ccfca7320f71c0fed1a319c744', '2025-10-01 17:58:15', '2025-10-01 17:43:34', '::ffff:127.0.0.1', 'Mozilla/5.0 (Windows NT 10.0; Win64; x64; rv:143.0) Gecko/20100101 Firefox/143.0', '2025-10-01 20:43:15'),
(5, 2, 'aa32d8f7037c21214bbf0ed3401b34e52065f8300cad946aae995b2da212fc75', '2025-10-01 18:49:40', '2025-10-01 18:35:19', '::ffff:127.0.0.1', 'Mozilla/5.0 (Windows NT 10.0; Win64; x64; rv:143.0) Gecko/20100101 Firefox/143.0', '2025-10-01 21:34:40'),
(6, 4, 'd1362db813017e345d05febc833d2447ef27ca44cbba62c656014426efff9055', '2025-10-01 18:52:08', '2025-10-01 18:37:34', '::ffff:127.0.0.1', 'Mozilla/5.0 (Windows NT 10.0; Win64; x64; rv:143.0) Gecko/20100101 Firefox/143.0', '2025-10-01 21:37:08'),
(7, 1, 'da1fae035d0ff59abc2ea59a731e566faf6e46ed16cfa5aa53ad43a0e5bd88b8', '2025-12-16 22:23:16', NULL, '::1', 'Mozilla/5.0 (Windows NT 10.0; Win64; x64) AppleWebKit/537.36 (KHTML, like Gecko) Chrome/143.0.0.0 Safari/537.36', '2025-12-17 01:08:16'),
(8, 1, '75939106a731736370f0302efd72959f48cf396f053d85077a2cb1ea6533ab1f', '2025-12-17 19:16:17', '2025-12-17 19:02:10', '::1', 'Mozilla/5.0 (Windows NT 10.0; Win64; x64) AppleWebKit/537.36 (KHTML, like Gecko) Chrome/143.0.0.0 Safari/537.36', '2025-12-17 22:01:17'),
(9, 16, 'e56be3c2d0740d8a7563768aa2427a0f4c559e4972e5297c39f9549695e42665', '2025-12-17 20:07:31', NULL, '::1', 'Mozilla/5.0 (Windows NT 10.0; Win64; x64) AppleWebKit/537.36 (KHTML, like Gecko) Chrome/143.0.0.0 Safari/537.36', '2025-12-17 22:52:31'),
(10, 16, '89aec316aba570d987eae0afd3440ccfb2a1b97043a0590b41ca8fc3c8263539', '2025-12-17 20:09:49', NULL, '::1', 'Mozilla/5.0 (Windows NT 10.0; Win64; x64) AppleWebKit/537.36 (KHTML, like Gecko) Chrome/143.0.0.0 Safari/537.36', '2025-12-17 22:54:49'),
(11, 1, 'e63230e74a5d44cbd272220216d2b3addb7907aae7b1f762a9270fa9e22d8857', '2025-12-17 21:56:42', '2025-12-17 21:42:57', '::1', 'Mozilla/5.0 (Windows NT 10.0; Win64; x64) AppleWebKit/537.36 (KHTML, like Gecko) Chrome/143.0.0.0 Safari/537.36', '2025-12-18 00:41:42'),
(12, 8, '722662aa78702d57f91c15b82258bae01da29614a678c44f1acd642d52e0c8f1', '2025-12-17 22:04:55', NULL, '::1', 'Mozilla/5.0 (Windows NT 10.0; Win64; x64) AppleWebKit/537.36 (KHTML, like Gecko) Chrome/143.0.0.0 Safari/537.36', '2025-12-18 00:49:55'),
(13, 8, 'f0ff34f6c2ac1149277f54a78037b2b26e5d914ae23bb2405188a084ca28b5f6', '2025-12-17 22:05:43', '2025-12-17 21:51:10', '::1', 'Mozilla/5.0 (Windows NT 10.0; Win64; x64) AppleWebKit/537.36 (KHTML, like Gecko) Chrome/143.0.0.0 Safari/537.36', '2025-12-18 00:50:43'),
(14, 1, '662ca2aa8a141a3dbc7981fb3bc4b602e7c737830c3c350accd402fdf35c9dd3', '2025-12-18 13:04:28', '2025-12-18 12:49:50', '::1', 'Mozilla/5.0 (Windows NT 10.0; Win64; x64) AppleWebKit/537.36 (KHTML, like Gecko) Chrome/143.0.0.0 Safari/537.36', '2025-12-18 15:49:28'),
(15, 1, '79f2e0e619763c6999c2d0bd929642c623708c3f6afbbe614bd35675829ad275', '2025-12-18 13:05:29', '2025-12-18 12:50:47', '::1', 'Mozilla/5.0 (Windows NT 10.0; Win64; x64) AppleWebKit/537.36 (KHTML, like Gecko) Chrome/143.0.0.0 Safari/537.36', '2025-12-18 15:50:29'),
(16, 12, 'cd30052c4cf2bab5f8dc31dfb6122f492034ae5761f64e2b17847be7a968f065', '2025-12-18 13:12:01', NULL, '::1', 'Mozilla/5.0 (Windows NT 10.0; Win64; x64) AppleWebKit/537.36 (KHTML, like Gecko) Chrome/143.0.0.0 Safari/537.36', '2025-12-18 15:57:01'),
(17, 6, 'bfa8307641adbb766adb967828b4310fdb886cc9bca09886153e8216de293878', '2025-12-18 13:29:36', NULL, '::1', 'Mozilla/5.0 (Windows NT 10.0; Win64; x64) AppleWebKit/537.36 (KHTML, like Gecko) Chrome/143.0.0.0 Safari/537.36', '2025-12-18 16:14:36'),
(18, 7, '7f0219f483656d6d9d033d55981fe7a4f9937e797f41de7b8ac84babfc6100f1', '2025-12-18 13:29:43', NULL, '::1', 'Mozilla/5.0 (Windows NT 10.0; Win64; x64) AppleWebKit/537.36 (KHTML, like Gecko) Chrome/143.0.0.0 Safari/537.36', '2025-12-18 16:14:43'),
(19, 6, 'f8faf1221ec4122a5c141a2195bf3c746e4a96958e71bca3ce9c482dac13efff', '2025-12-18 13:40:02', NULL, '::1', 'Mozilla/5.0 (Windows NT 10.0; Win64; x64) AppleWebKit/537.36 (KHTML, like Gecko) Chrome/143.0.0.0 Safari/537.36', '2025-12-18 16:25:02');

-- --------------------------------------------------------

--
-- Estructura de tabla para la tabla `qr_tokens`
--

CREATE TABLE `qr_tokens` (
  `id` bigint(20) UNSIGNED NOT NULL,
  `jti` char(36) NOT NULL,
  `user_id` int(10) UNSIGNED NOT NULL,
  `expires_at` datetime NOT NULL,
  `used_at` datetime DEFAULT NULL,
  `created_at` timestamp NOT NULL DEFAULT current_timestamp()
) ENGINE=InnoDB DEFAULT CHARSET=utf8mb4 COLLATE=utf8mb4_unicode_ci;

--
-- Volcado de datos para la tabla `qr_tokens`
--

INSERT INTO `qr_tokens` (`id`, `jti`, `user_id`, `expires_at`, `used_at`, `created_at`) VALUES
(1, '225d77b4-3131-4666-8049-32dda5f86a6d', 1, '2025-09-29 20:37:06', NULL, '2025-09-29 23:36:06'),
(2, '2fc6f28f-373a-4d4e-a886-eb36a8e65818', 1, '2025-09-29 20:38:05', NULL, '2025-09-29 23:37:05'),
(3, 'c37e8a58-14e0-4dcd-8058-1c61b4eb95c4', 1, '2025-09-29 20:39:05', NULL, '2025-09-29 23:38:05'),
(4, '20e86389-a491-4684-ad9c-72d69fa654ca', 1, '2025-09-29 20:40:04', NULL, '2025-09-29 23:39:04'),
(5, '21e0d120-ed6b-4a9a-b0d4-79cf1839a25f', 1, '2025-09-29 20:41:03', NULL, '2025-09-29 23:40:03'),
(6, '6274f353-3e48-4450-b448-10a869868971', 1, '2025-09-29 20:42:02', NULL, '2025-09-29 23:41:02'),
(7, 'd97f7826-79e4-4243-8006-0871907596b5', 1, '2025-09-29 20:43:01', NULL, '2025-09-29 23:42:01'),
(8, 'af8156b1-64d4-4d9b-b357-f7a509062d6a', 1, '2025-09-29 20:44:03', NULL, '2025-09-29 23:43:03'),
(9, '5570ab66-7b92-41aa-a41d-87f71c0dc6c5', 1, '2025-09-29 20:45:03', NULL, '2025-09-29 23:44:03'),
(10, '24899fef-8b2c-42c0-af20-6cf8c8357ec7', 1, '2025-09-29 20:46:03', NULL, '2025-09-29 23:45:03'),
(11, '3507850a-f1b8-4aa6-bd24-14f0b45440ee', 1, '2025-09-29 20:47:02', NULL, '2025-09-29 23:46:02'),
(12, '85a5de71-0182-41b0-978f-a866c36d9c78', 1, '2025-09-29 20:48:06', NULL, '2025-09-29 23:47:06'),
(13, '291f0d30-1625-4f2e-b4df-c179dcf7c617', 1, '2025-09-29 20:49:07', NULL, '2025-09-29 23:48:07'),
(14, '2d59c68c-e6b6-4158-ac88-89824e8520f7', 1, '2025-09-29 20:50:12', '2025-09-29 20:49:21', '2025-09-29 23:49:12'),
(15, '88dd6f0e-14de-4f5c-a00d-57c745b8245f', 1, '2025-09-29 20:51:11', NULL, '2025-09-29 23:50:11'),
(16, '6d6a5017-8eb3-4576-a3ce-92c3367e991c', 1, '2025-09-29 20:52:11', NULL, '2025-09-29 23:51:11'),
(17, '427d03c0-6d68-48c2-82a3-7fcb1c8ec948', 1, '2025-09-29 20:53:10', NULL, '2025-09-29 23:52:10'),
(18, 'a6dc07a1-3096-4e8e-a4c0-d3ac9f17652a', 1, '2025-09-29 20:54:09', NULL, '2025-09-29 23:53:09'),
(19, '3caa8ac3-1b2e-41bc-9def-c8c8b7d4eecf', 1, '2025-09-29 20:55:08', NULL, '2025-09-29 23:54:08'),
(20, '2e665dce-1cf3-4101-8670-d38b39b8f393', 1, '2025-09-29 20:56:07', NULL, '2025-09-29 23:55:07'),
(21, '05b65d3f-36c7-4163-81a4-36677ccbe076', 1, '2025-09-29 20:57:06', NULL, '2025-09-29 23:56:06'),
(22, '6346c679-17ee-48df-b1c4-8e1cafd275cf', 1, '2025-09-29 20:58:05', NULL, '2025-09-29 23:57:05'),
(23, '2f470ba5-abe9-4fc4-8b1e-3db8374a82d7', 1, '2025-09-29 20:59:04', NULL, '2025-09-29 23:58:04'),
(24, '0c15819e-4275-4da1-83de-61ff40a3676e', 1, '2025-09-29 21:00:04', NULL, '2025-09-29 23:59:04'),
(25, '3a57aee2-c1a0-48de-b7af-4073b0f26957', 1, '2025-09-29 21:01:03', NULL, '2025-09-30 00:00:03'),
(26, 'bfb6d60f-b5a6-4b83-8639-2d9dc39f73e4', 1, '2025-09-29 21:02:02', NULL, '2025-09-30 00:01:02'),
(27, '5a6fab91-4aeb-4fe4-ab03-66dc359ae2a9', 1, '2025-09-29 21:03:01', NULL, '2025-09-30 00:02:01'),
(28, '28bb61c2-df9e-4073-840a-f3cf96dc7a88', 1, '2025-09-29 21:04:01', NULL, '2025-09-30 00:03:01'),
(29, 'eaf2f680-ffc5-4e6f-b1fa-4cfd720dba20', 1, '2025-09-29 21:05:00', NULL, '2025-09-30 00:04:00'),
(30, 'a314a12d-9e4c-453e-8b86-076357ed6ad7', 1, '2025-09-29 21:05:59', NULL, '2025-09-30 00:04:59'),
(31, '1fca124e-5fca-4b97-9ffa-1a738ab443e2', 1, '2025-09-29 21:06:59', NULL, '2025-09-30 00:05:59'),
(32, '1112349f-fdf0-44a3-9846-4b72c4c3ec9e', 1, '2025-09-29 21:07:58', NULL, '2025-09-30 00:06:58'),
(33, '1d131d7f-4cd5-43d4-b594-065231d282a5', 1, '2025-09-29 21:08:57', NULL, '2025-09-30 00:07:57'),
(34, '946b2f41-cefb-41c6-9bb1-e520d69aa199', 1, '2025-09-29 21:09:56', NULL, '2025-09-30 00:08:56'),
(35, 'd64f1f94-b64e-4b6f-aa25-49ded7606a6c', 1, '2025-09-29 21:10:56', NULL, '2025-09-30 00:09:56'),
(36, '53f635e9-632f-4715-9839-671cd15c4ba8', 1, '2025-09-29 21:11:55', NULL, '2025-09-30 00:10:55'),
(37, '9cd9cf1a-c499-4408-a4a1-1f63d5b1115e', 1, '2025-09-29 21:12:54', NULL, '2025-09-30 00:11:54'),
(38, 'f4188e05-cbce-49d0-8269-816c8164d405', 1, '2025-09-29 21:13:54', NULL, '2025-09-30 00:12:54'),
(39, '0c0e1b67-bf34-4d0a-8b72-d256d09ed909', 1, '2025-09-29 21:14:53', NULL, '2025-09-30 00:13:53'),
(40, '49acd19e-0387-4e4b-90e8-1ee446092833', 1, '2025-09-29 21:15:52', NULL, '2025-09-30 00:14:52'),
(41, 'bed9573d-a493-4b2f-80d5-eb7fdfce3038', 1, '2025-09-29 21:16:52', NULL, '2025-09-30 00:15:52'),
(42, '6feb619a-17a2-4732-b615-5afd6994eb67', 1, '2025-09-29 21:18:28', '2025-09-29 21:17:39', '2025-09-30 00:17:28'),
(43, '5f57ee22-3a43-4c95-835d-5e6fa2b52e90', 1, '2025-09-29 21:19:28', NULL, '2025-09-30 00:18:28'),
(44, '4c2d1ed8-f577-4582-87d5-dcdaac93088b', 1, '2025-09-29 21:20:27', NULL, '2025-09-30 00:19:27'),
(45, '5fb55a8f-971b-4b6c-b541-f3ab10f44181', 1, '2025-09-29 21:21:26', NULL, '2025-09-30 00:20:26'),
(46, '5e0280bf-6154-4f69-a6c7-7471fd6d08df', 1, '2025-09-29 21:22:25', NULL, '2025-09-30 00:21:25'),
(47, '0eb51d95-5a24-4a53-94b8-5c2e9d89af31', 1, '2025-09-29 21:23:24', NULL, '2025-09-30 00:22:24'),
(48, '7c3e463b-2e00-4f84-b5ea-a809b24c65c4', 1, '2025-09-29 21:24:23', NULL, '2025-09-30 00:23:23'),
(49, 'b51a0245-2ed2-4fd6-8a62-e452bcb15277', 1, '2025-09-29 21:25:22', NULL, '2025-09-30 00:24:22'),
(50, '035468dc-c899-49ab-af77-7ff24228287a', 1, '2025-09-29 21:26:22', NULL, '2025-09-30 00:25:22'),
(51, '16c2a431-1acf-4f1f-9acf-7604132dd119', 1, '2025-09-29 21:27:21', NULL, '2025-09-30 00:26:21'),
(52, 'c1a05f15-9edc-4474-99eb-0ba70e67005d', 1, '2025-09-29 21:28:20', NULL, '2025-09-30 00:27:20'),
(53, 'ec849c83-ec5c-4e8f-af6e-8481d207b653', 1, '2025-09-29 21:29:19', NULL, '2025-09-30 00:28:19'),
(54, '97d8460a-dfc6-4761-ad56-2bc927e9802a', 1, '2025-09-29 21:30:19', NULL, '2025-09-30 00:29:19'),
(55, '92941de5-b44e-49cf-9f97-65af18db92f9', 1, '2025-09-29 21:31:18', NULL, '2025-09-30 00:30:18'),
(56, '6897c90f-ae2a-4c88-b543-21203b68f79b', 1, '2025-09-29 21:32:17', NULL, '2025-09-30 00:31:17'),
(57, 'a49edd49-3f83-4d80-8a95-5ad96adba71d', 1, '2025-09-29 21:33:16', NULL, '2025-09-30 00:32:16'),
(58, '57284cef-ca7b-4d87-b054-d4397362f1d5', 1, '2025-09-29 21:34:16', NULL, '2025-09-30 00:33:16'),
(59, 'f7f4f7f2-8521-4ba8-ad47-77a11f5f1403', 1, '2025-09-29 21:35:15', NULL, '2025-09-30 00:34:15'),
(60, '3d04b99c-2998-4569-bf2a-dd9e4987a526', 1, '2025-09-29 21:36:15', NULL, '2025-09-30 00:35:15'),
(61, '8d859c3a-f27a-4e84-b8c6-12883578372d', 1, '2025-09-29 21:37:14', NULL, '2025-09-30 00:36:14'),
(62, '9187540f-ff36-4232-afe7-effa599505b7', 1, '2025-09-29 21:38:13', NULL, '2025-09-30 00:37:13'),
(63, '226da31e-ca85-4e19-b6a5-fb45cebe0df4', 1, '2025-09-29 21:39:12', NULL, '2025-09-30 00:38:12'),
(64, '36703cd4-2aef-4a38-9f97-89ca737636d2', 1, '2025-09-29 21:40:12', NULL, '2025-09-30 00:39:12'),
(65, '68a0b741-608c-4cad-aaa3-951f77f57b73', 1, '2025-09-29 21:41:11', NULL, '2025-09-30 00:40:11'),
(66, '6231a4ae-f9a4-4f92-ad52-9fe68f740650', 1, '2025-09-29 21:42:10', NULL, '2025-09-30 00:41:10'),
(67, '269cec35-1771-467e-b751-015bfbcdb521', 1, '2025-09-29 21:42:51', '2025-09-29 21:42:02', '2025-09-30 00:41:51'),
(68, '50808e67-109f-400b-8c2f-985a08b4f602', 1, '2025-09-29 21:43:10', NULL, '2025-09-30 00:42:10'),
(69, 'd0338412-d80e-4bf5-82ad-6b92a53ccca8', 1, '2025-09-29 21:43:51', NULL, '2025-09-30 00:42:51'),
(70, '869cd7a6-a9a3-47ee-b25f-cdda5d667ac9', 1, '2025-09-29 21:44:09', NULL, '2025-09-30 00:43:09'),
(71, 'd6731ce4-b8ea-482b-93dc-14147d7aab43', 1, '2025-09-29 21:44:50', NULL, '2025-09-30 00:43:50'),
(72, '7abc98fd-f40c-4d97-8711-9a86024f3ad5', 1, '2025-09-29 21:45:08', NULL, '2025-09-30 00:44:08'),
(73, '8702f275-3118-4d83-8f58-975cd2a2f14a', 1, '2025-09-29 21:45:50', NULL, '2025-09-30 00:44:50'),
(74, 'a0addf64-7901-4695-9eb2-b8d013446b8b', 1, '2025-09-29 21:46:07', NULL, '2025-09-30 00:45:07'),
(75, '8596afe4-3a7e-4e7e-8d87-7824b048af26', 1, '2025-09-29 21:46:49', NULL, '2025-09-30 00:45:49'),
(76, '044be2b1-fbaa-4f80-80b1-4e65aad53b19', 1, '2025-09-29 21:47:07', NULL, '2025-09-30 00:46:07'),
(77, 'fcd0de93-2043-4eff-83ca-a0cc1c4d8b1f', 1, '2025-09-29 21:47:48', NULL, '2025-09-30 00:46:48'),
(78, 'a6dd2e9e-0d99-4f04-9d90-9808fb613c44', 1, '2025-09-29 21:48:06', NULL, '2025-09-30 00:47:06'),
(79, 'a77e7c45-713a-4f3f-ba9e-d348874fcad3', 1, '2025-09-29 21:48:47', NULL, '2025-09-30 00:47:47'),
(80, 'e98a3318-fe5d-4886-83ba-8256379050f5', 1, '2025-09-29 21:49:05', NULL, '2025-09-30 00:48:05'),
(81, '2acff095-9808-44f3-85d3-e107a11dbf0a', 1, '2025-09-29 21:49:46', NULL, '2025-09-30 00:48:46'),
(82, '3acefb16-3767-40d5-b3e5-0c8ee115cb3d', 1, '2025-09-29 21:50:04', NULL, '2025-09-30 00:49:04'),
(83, '32a28a07-d1dc-4ed4-8c40-5903bf6530ba', 1, '2025-09-29 21:50:46', NULL, '2025-09-30 00:49:46'),
(84, 'e5c232dc-fcd6-4302-a2c4-a6355a14077c', 1, '2025-09-29 21:51:04', NULL, '2025-09-30 00:50:04'),
(85, '2f6f7081-6087-4b01-bafa-3c8ea971750f', 1, '2025-09-29 21:51:45', NULL, '2025-09-30 00:50:45'),
(86, 'a5c52f6b-d7ee-4fdc-8174-264021a0a53d', 1, '2025-09-29 21:52:03', NULL, '2025-09-30 00:51:03'),
(87, 'e96a328e-c3e6-4621-a5b5-84fec70b5758', 1, '2025-09-29 21:52:44', NULL, '2025-09-30 00:51:44'),
(88, '76a2e4a6-0da6-424f-b307-3322a492363e', 1, '2025-09-29 21:53:02', NULL, '2025-09-30 00:52:02'),
(89, '290c657f-d368-461d-b124-6383747c0634', 1, '2025-09-29 21:53:50', NULL, '2025-09-30 00:52:50'),
(90, 'c8ca3282-9c16-4730-a299-5049d6c7cd26', 1, '2025-09-29 21:53:50', NULL, '2025-09-30 00:52:50'),
(91, 'a053b02c-6482-4e68-b7cf-d383f203e870', 1, '2025-09-29 21:53:50', NULL, '2025-09-30 00:52:50'),
(92, '092a85dd-81df-4e90-b5bb-06db69a01835', 1, '2025-09-29 21:53:50', NULL, '2025-09-30 00:52:50'),
(93, '181d3115-fc20-454d-b0dc-20e4cd2e2404', 1, '2025-09-29 21:53:50', NULL, '2025-09-30 00:52:50'),
(94, '7edac5d6-25bc-4882-bade-0616ee393ca7', 1, '2025-09-29 21:53:50', NULL, '2025-09-30 00:52:50'),
(95, '67936811-6145-44fe-8ec2-815c5ae81a6b', 2, '2025-09-29 21:55:47', '2025-09-29 21:54:59', '2025-09-30 00:54:47'),
(96, 'a837627a-6392-4da3-9ea4-9f23a7b4a652', 2, '2025-09-29 21:56:47', NULL, '2025-09-30 00:55:47'),
(97, '4c37e326-ee37-4355-aef5-28ad807afbbb', 2, '2025-09-29 21:57:47', NULL, '2025-09-30 00:56:47'),
(98, 'b5e98ca8-5dd7-44e7-9058-cdb61ede31ab', 2, '2025-09-29 21:58:46', NULL, '2025-09-30 00:57:46'),
(99, '35e52983-ce5e-4986-bf53-7b2657f3765b', 2, '2025-09-29 21:59:45', NULL, '2025-09-30 00:58:45'),
(100, '8a1c595a-301f-4fd6-a2d9-1940e02fd7bc', 2, '2025-09-29 22:00:45', NULL, '2025-09-30 00:59:45'),
(101, '810e95d6-4a38-4a07-81c3-76afdea47d14', 2, '2025-09-29 22:01:44', NULL, '2025-09-30 01:00:44'),
(102, 'a4f2b8ba-f596-4358-9d9c-59c405794d03', 2, '2025-09-29 22:02:43', NULL, '2025-09-30 01:01:43'),
(103, '0fa36999-2138-4f99-bdc3-442d05fc0c7c', 2, '2025-09-29 22:03:42', NULL, '2025-09-30 01:02:42'),
(104, '03358da7-f799-4341-8dcc-eaa8c363d201', 1, '2025-09-29 22:22:49', NULL, '2025-09-30 01:21:49'),
(105, '3b78fdc5-8f11-4c0a-be60-4941cedcbd0e', 1, '2025-09-29 22:22:50', NULL, '2025-09-30 01:21:50'),
(106, 'f7fe2c99-af27-497e-ab1c-522b2ac35e00', 1, '2025-09-29 22:22:50', NULL, '2025-09-30 01:21:50'),
(107, '356d0b24-9a89-43f2-8353-ba8140dd4ad5', 1, '2025-09-29 22:22:50', NULL, '2025-09-30 01:21:50'),
(108, 'd83cd9c2-b5bf-4a1b-82a9-fa906db3a786', 1, '2025-09-29 22:22:51', NULL, '2025-09-30 01:21:51'),
(109, '2f2008c4-694d-4b75-a798-e3d83a9aa839', 1, '2025-09-29 22:22:51', NULL, '2025-09-30 01:21:51'),
(110, '1a6e62de-d50a-4b06-941e-63961a5020c7', 1, '2025-09-29 22:22:51', NULL, '2025-09-30 01:21:51'),
(111, '29919b84-61ca-4c6d-9c67-bb46d71fd7b3', 1, '2025-09-29 22:22:51', NULL, '2025-09-30 01:21:51'),
(112, 'dce5e9f7-bcff-46bd-becd-886a730458ec', 1, '2025-09-29 22:22:52', NULL, '2025-09-30 01:21:52'),
(113, '1bcd278a-6c2f-4822-9c40-8b1a4f4f4c1c', 1, '2025-09-29 22:22:53', NULL, '2025-09-30 01:21:53'),
(114, 'f427783d-cd94-444a-825f-71e59e2f3faa', 1, '2025-09-29 22:22:53', NULL, '2025-09-30 01:21:53'),
(115, 'cf5ce4d8-2818-4d1f-93b5-326ff154f3b3', 3, '2025-09-29 22:23:16', NULL, '2025-09-30 01:22:16'),
(116, 'a10d3a72-e68c-4b4d-96fa-1f621f17426c', 5, '2025-10-01 15:27:06', NULL, '2025-10-01 18:26:06'),
(117, 'c2352fac-de2b-44ca-8505-aa61c13bb9f3', 5, '2025-10-01 15:27:09', NULL, '2025-10-01 18:26:09'),
(118, '12bcc535-d72f-4428-af7f-d4f9d738ef99', 5, '2025-10-01 15:27:10', NULL, '2025-10-01 18:26:10'),
(119, '57c4c230-0e3f-4573-874b-2843aba90218', 5, '2025-10-01 15:27:11', NULL, '2025-10-01 18:26:11'),
(120, '508a466c-a9f2-45c6-955b-dd261a73dfd5', 5, '2025-10-01 15:27:12', NULL, '2025-10-01 18:26:12'),
(121, '603bc32d-3834-4bd9-8d0f-bbaec5aca0cb', 5, '2025-10-01 15:27:13', NULL, '2025-10-01 18:26:13'),
(122, '730606f4-e7ac-471e-9a91-e7ef19289fcf', 5, '2025-10-01 15:27:15', NULL, '2025-10-01 18:26:15'),
(123, '03f880fe-f869-4b95-90a2-da415628eba3', 5, '2025-10-01 15:27:16', NULL, '2025-10-01 18:26:16'),
(124, 'c8fd48bf-3ecf-497a-9e43-21510559f3f4', 5, '2025-10-01 15:27:18', NULL, '2025-10-01 18:26:18'),
(125, '7e0b1b7f-a62f-4ebb-83a3-6d680b5a592d', 5, '2025-10-01 15:27:37', '2025-10-01 15:26:49', '2025-10-01 18:26:37'),
(126, '0d6d74d1-0506-4e9e-a36a-2109a198d60f', 5, '2025-10-01 15:28:36', NULL, '2025-10-01 18:27:36'),
(127, 'eabc604a-c894-4423-aa13-84aba26c6796', 5, '2025-10-01 15:29:35', NULL, '2025-10-01 18:28:35'),
(128, 'b6e320e4-55cc-4af4-808e-fd6b7f206d73', 5, '2025-10-01 15:30:34', NULL, '2025-10-01 18:29:34'),
(129, '4d873935-385b-42b9-a51c-e6f1e3eb9ab2', 5, '2025-10-01 15:31:33', NULL, '2025-10-01 18:30:33'),
(130, 'e0da3a4f-6ea1-4e8a-ab68-594032fd3ba8', 5, '2025-10-01 15:32:32', NULL, '2025-10-01 18:31:32'),
(131, '4c46ff2e-71aa-4cdc-8125-87ed0a3db06c', 5, '2025-10-01 15:33:32', NULL, '2025-10-01 18:32:32'),
(132, '2bdde59e-39ff-43c8-82fc-1d12fcb194ce', 5, '2025-10-01 15:34:31', NULL, '2025-10-01 18:33:31'),
(133, '293af5b0-5d7d-4043-b57e-d7fc9dd4be61', 5, '2025-10-01 15:35:30', NULL, '2025-10-01 18:34:30'),
(134, '7cac5cc9-bd52-43d8-aafc-2d86cbb53fa0', 5, '2025-10-01 15:36:29', NULL, '2025-10-01 18:35:29'),
(135, 'bcbacbf0-9e85-4a5f-9c75-79aabb772612', 5, '2025-10-01 15:37:28', NULL, '2025-10-01 18:36:28'),
(136, '667e0185-278c-4439-87e8-4915d32b4c87', 5, '2025-10-01 15:38:27', NULL, '2025-10-01 18:37:27'),
(137, '3b6e801d-5e92-4c7e-b5ce-4973a757482d', 5, '2025-10-01 15:39:26', NULL, '2025-10-01 18:38:26'),
(138, '14553b16-68c4-4679-a3d1-8b959dd1231f', 5, '2025-10-01 15:40:25', NULL, '2025-10-01 18:39:25'),
(139, '977ef521-e989-4ee2-beb4-205ae4b3367c', 5, '2025-10-01 15:41:24', NULL, '2025-10-01 18:40:24'),
(140, 'a45fbf6a-8c4c-47f2-9c65-3ac8f22e53d0', 5, '2025-10-01 15:42:23', NULL, '2025-10-01 18:41:23'),
(141, 'ad8bbf12-5ca7-4c93-8753-0229ed9e5062', 5, '2025-10-01 15:43:22', NULL, '2025-10-01 18:42:22'),
(142, '778b8954-e213-4542-b339-b3186936a8b2', 5, '2025-10-01 15:44:21', NULL, '2025-10-01 18:43:21'),
(143, '0da70e8a-8743-4b78-8bf7-4b1ea85c1fca', 5, '2025-10-01 15:45:20', NULL, '2025-10-01 18:44:20'),
(144, 'a1abaccf-7833-4b80-8710-c1ba493d6309', 5, '2025-10-01 15:46:19', NULL, '2025-10-01 18:45:19'),
(145, 'fff1cb4b-29b9-4ef8-9e60-64b2446808e1', 5, '2025-10-01 15:47:18', NULL, '2025-10-01 18:46:18'),
(146, '36c2f5b5-f39b-4179-b9d9-9256632a6628', 5, '2025-10-01 15:48:17', NULL, '2025-10-01 18:47:17'),
(147, 'a24b53ff-778e-42a8-8922-4645f65459b8', 5, '2025-10-01 15:49:16', NULL, '2025-10-01 18:48:16'),
(148, 'aa30952a-d0fb-4b6f-a8a2-e6cb5fa466cc', 5, '2025-10-01 15:50:15', NULL, '2025-10-01 18:49:15'),
(149, 'abfb953a-850d-46e6-a3cc-75e691c902dd', 5, '2025-10-01 15:51:14', NULL, '2025-10-01 18:50:14'),
(150, '648ac0af-a4a8-4370-827c-ac485bb646e1', 5, '2025-10-01 15:52:13', NULL, '2025-10-01 18:51:13'),
(151, 'e4b2663b-7a7a-415d-a473-b4d988f9c66c', 5, '2025-10-01 15:53:12', NULL, '2025-10-01 18:52:12'),
(152, '187f8137-3385-4ed1-85a9-5f04b5a9dd39', 5, '2025-10-01 15:54:11', NULL, '2025-10-01 18:53:11'),
(153, '0cd4ece8-4b77-411c-96f9-08595c6a01af', 5, '2025-10-01 15:55:10', NULL, '2025-10-01 18:54:10'),
(154, 'e5a8fb94-a46b-49f6-ab33-2788dc240f3b', 5, '2025-10-01 15:56:09', NULL, '2025-10-01 18:55:09'),
(155, '5e85049e-bae6-49d7-a086-1a6a88400455', 5, '2025-10-01 15:57:08', NULL, '2025-10-01 18:56:08'),
(156, '80918fa4-0b10-4f1f-8054-18654372515e', 5, '2025-10-01 15:58:07', NULL, '2025-10-01 18:57:07'),
(157, '88bd1adb-d3a1-4ae9-b607-3fb0aace8703', 4, '2025-10-01 18:40:42', NULL, '2025-10-01 21:39:42'),
(158, '61ed559b-172a-4e84-b677-c2048cfb6f91', 4, '2025-10-01 18:40:50', '2025-10-01 18:40:00', '2025-10-01 21:39:50'),
(159, 'e9de0708-64c6-49ef-b5fb-814a58b21b55', 4, '2025-10-01 18:41:50', NULL, '2025-10-01 21:40:50'),
(160, '1aedc6f2-3cad-439f-ae4d-2bff212977dd', 4, '2025-10-01 18:42:50', NULL, '2025-10-01 21:41:50'),
(161, '1bb9ba46-33bb-42d6-88ce-65cf45aa1a25', 4, '2025-10-01 18:43:50', NULL, '2025-10-01 21:42:50'),
(162, '34cf816c-2880-4546-85e6-2c7526ec3083', 4, '2025-10-01 18:44:50', NULL, '2025-10-01 21:43:50'),
(163, '59fd0da2-fc5f-4bc1-ab87-c0fe16fa484a', 4, '2025-10-01 18:45:50', NULL, '2025-10-01 21:44:50'),
(164, 'dcc2ed17-6323-41d0-b052-b974eb6a1908', 4, '2025-10-01 18:46:50', NULL, '2025-10-01 21:45:50'),
(165, 'e25f5713-37c3-4040-88e7-1d9d4b54fdfd', 4, '2025-10-01 18:47:49', NULL, '2025-10-01 21:46:49'),
(166, 'a050e600-3879-4b76-8e4c-eaf82cf38a30', 3, '2025-10-01 18:48:20', NULL, '2025-10-01 21:47:20'),
(167, '693d0551-5cfe-430f-8be9-64163d0f8605', 3, '2025-10-01 18:48:41', NULL, '2025-10-01 21:47:41'),
(168, '675c64b7-f7b5-4d3e-88e0-ca329cc6f4d8', 4, '2025-10-01 18:48:49', NULL, '2025-10-01 21:47:49'),
(169, '6e6861d0-9c55-4f8e-808f-ff277a2a2584', 3, '2025-10-01 18:49:08', NULL, '2025-10-01 21:48:08'),
(170, '585829d6-afcd-49d2-916a-a616dbdf17a2', 4, '2025-10-01 18:49:49', NULL, '2025-10-01 21:48:49'),
(171, '7db645ed-48bc-4e25-a524-832b4301290c', 3, '2025-10-01 18:50:10', NULL, '2025-10-01 21:49:10'),
(172, '87e99efb-9e3c-4100-b45a-58f355897088', 4, '2025-10-01 18:50:49', NULL, '2025-10-01 21:49:49'),
(173, 'b8b04805-9e0b-4403-ae49-7aaa586f4be9', 3, '2025-10-01 18:51:10', NULL, '2025-10-01 21:50:10'),
(174, '9c3ac34e-f9b0-43ac-a2c8-b601ced01e40', 1, '2025-12-16 01:05:31', NULL, '2025-12-16 04:04:31'),
(175, 'cfac299d-5483-4779-817e-3fb4a7d0b64b', 1, '2025-12-16 01:06:05', NULL, '2025-12-16 04:05:05'),
(176, 'c7fdd033-c092-4054-ac58-c4849d069260', 1, '2025-12-16 01:06:07', NULL, '2025-12-16 04:05:07'),
(177, 'dd893bca-8aa4-4825-acfa-49007fa9ad88', 1, '2025-12-16 01:06:20', NULL, '2025-12-16 04:05:20'),
(178, '66e2fcd1-3682-4904-ae68-d9c0cc7cba68', 1, '2025-12-16 01:06:32', NULL, '2025-12-16 04:05:32'),
(179, 'c7806c24-b17b-4550-a9a7-9a6449e3d533', 1, '2025-12-16 01:07:32', NULL, '2025-12-16 04:06:32'),
(180, '3d81fcc5-689f-43f6-8656-aefdf39d3d1a', 8, '2025-12-16 01:09:41', NULL, '2025-12-16 04:08:41'),
(181, '5cc02858-acf9-4ae7-b54d-ebeb985af926', 8, '2025-12-16 01:09:48', NULL, '2025-12-16 04:08:48'),
(182, '88fdd314-4d39-468c-b9dc-c82b7d78667d', 8, '2025-12-16 01:10:19', NULL, '2025-12-16 04:09:19'),
(183, '89f9a1c6-a141-43d5-9e89-332e72cd281b', 8, '2025-12-16 01:10:22', NULL, '2025-12-16 04:09:22'),
(184, '7557502c-2df2-462e-8f4b-56911506fbe3', 8, '2025-12-16 01:10:25', NULL, '2025-12-16 04:09:25'),
(185, 'c3f0b943-57d8-46da-b0eb-870b6e6c377d', 8, '2025-12-16 01:11:24', NULL, '2025-12-16 04:10:24'),
(186, 'f80c2b55-6856-4e74-a8b1-0064b74afec1', 8, '2025-12-16 01:12:21', NULL, '2025-12-16 04:11:21'),
(187, 'b3cd92aa-d182-459f-8535-e6d928dfe69b', 8, '2025-12-16 01:12:26', NULL, '2025-12-16 04:11:26'),
(188, '6e1bedb8-99ac-4939-ba12-21b925859dbd', 8, '2025-12-16 01:16:04', NULL, '2025-12-16 04:15:04'),
(189, 'bf2e2a37-bfa0-4c8f-9c9a-ad87206d9f24', 8, '2025-12-16 01:16:04', NULL, '2025-12-16 04:15:04'),
(190, '2416f3a8-963c-42e6-a1cb-04c40990c7de', 8, '2025-12-16 01:16:04', NULL, '2025-12-16 04:15:04'),
(191, '59a18620-c428-475f-af36-2df2dac3eaac', 1, '2025-12-16 01:16:27', NULL, '2025-12-16 04:15:27'),
(192, 'c12a13cd-39a4-47e2-8cd6-545b00968e6c', 8, '2025-12-16 01:20:16', NULL, '2025-12-16 04:19:16'),
(193, '19fbf347-a06d-4585-8108-07b6c37a57aa', 1, '2025-12-16 01:20:42', NULL, '2025-12-16 04:19:42'),
(194, '21fa926c-d02b-441f-a444-9fe76d92f6e5', 1, '2025-12-16 11:46:32', NULL, '2025-12-16 14:45:32'),
(195, 'ee69b0a4-50e8-4a65-ab0b-02b76e3dcc29', 1, '2025-12-16 15:05:08', NULL, '2025-12-16 18:04:08'),
(196, 'c969960f-6d9c-429c-83df-70b4e5c5d7e2', 1, '2025-12-16 17:36:32', NULL, '2025-12-16 20:35:32'),
(197, 'abff04f4-ba60-470f-85b2-8870cc56cbc6', 1, '2025-12-16 17:36:35', NULL, '2025-12-16 20:35:35'),
(198, 'd8e61eba-94f8-4470-b7e3-9be1f8210ed2', 1, '2025-12-16 17:37:34', NULL, '2025-12-16 20:36:34'),
(199, '1981a066-058b-4a02-ae7e-5770ee31b811', 1, '2025-12-16 17:38:38', NULL, '2025-12-16 20:37:38'),
(200, 'b4ff6f1c-a129-40b8-94d8-f65929498ca5', 1, '2025-12-16 17:39:38', NULL, '2025-12-16 20:38:38'),
(201, '45f9b335-12fb-4ba1-b35f-1659d6014e3a', 1, '2025-12-16 17:40:37', NULL, '2025-12-16 20:39:37'),
(202, 'a9627eab-0451-4403-aae7-0ec18858eeeb', 1, '2025-12-16 17:41:36', NULL, '2025-12-16 20:40:36'),
(203, 'f39a45c1-6ce9-4f06-a177-9df9dae1b352', 1, '2025-12-16 17:42:36', NULL, '2025-12-16 20:41:36'),
(204, 'dd12c99e-4fa7-4c1d-8119-a1b5d43f3c3e', 1, '2025-12-16 17:42:47', NULL, '2025-12-16 20:41:47'),
(205, '2e5063a4-1827-4cac-93c5-a2b181eba89b', 1, '2025-12-16 17:43:25', NULL, '2025-12-16 20:42:25'),
(206, 'dffdd1e1-40eb-4b23-8e5c-9450a9263cbe', 1, '2025-12-16 17:44:26', NULL, '2025-12-16 20:43:26'),
(207, '97ed0cc4-fb93-41d8-887b-ec52010a3ad0', 1, '2025-12-16 17:45:47', NULL, '2025-12-16 20:44:47'),
(208, '567bb104-0733-4f14-897d-4bffbe39db64', 1, '2025-12-16 17:45:57', '2025-12-16 17:44:59', '2025-12-16 20:44:57'),
(209, '104558c6-b4f9-4248-a078-627ca5946752', 1, '2025-12-16 17:46:57', NULL, '2025-12-16 20:45:57'),
(210, '301ff3a3-85c4-478d-8d4e-822c669562fa', 8, '2025-12-16 18:32:45', NULL, '2025-12-16 21:31:45'),
(211, 'b96dd0f7-eaa9-4185-9a81-cd03114956c0', 8, '2025-12-16 18:33:16', NULL, '2025-12-16 21:32:16'),
(212, 'f5c759ac-ab0f-4d2a-abf7-e862748f91ac', 8, '2025-12-16 18:34:26', NULL, '2025-12-16 21:33:26'),
(213, '730f04e0-ce29-4300-a826-f3886523f1a1', 8, '2025-12-16 18:36:10', NULL, '2025-12-16 21:35:10'),
(214, '4e325175-4601-4634-b7d0-b96b41391e3a', 17, '2025-12-16 19:02:17', NULL, '2025-12-16 22:01:17'),
(215, '5a4f2952-2fb9-4265-b28e-24f3cdecbe7b', 17, '2025-12-16 19:09:43', NULL, '2025-12-16 22:08:43'),
(216, '562ef407-85f8-4b76-8712-e1793b9bdc5c', 17, '2025-12-16 19:10:43', NULL, '2025-12-16 22:09:43'),
(217, '3ebf444f-ce30-4c94-8a13-4d047ffa875f', 17, '2025-12-16 19:11:27', NULL, '2025-12-16 22:10:27'),
(218, 'cbff67b6-5fd9-44ff-858a-9562bd76f53b', 17, '2025-12-16 19:11:33', NULL, '2025-12-16 22:10:33'),
(219, '269e954a-7d08-40b7-87c6-70d58a5d3c75', 17, '2025-12-16 19:11:46', NULL, '2025-12-16 22:10:46'),
(220, '43f6acb3-d9d2-4dc3-9ed6-70307a795807', 17, '2025-12-16 19:12:08', NULL, '2025-12-16 22:11:08'),
(221, 'da9af981-3f45-43a9-b1c9-b5bc5f48f79f', 17, '2025-12-16 19:12:09', NULL, '2025-12-16 22:11:09'),
(222, '17e911ed-0f5d-4560-a647-1420fd5832b4', 17, '2025-12-16 19:12:10', NULL, '2025-12-16 22:11:10'),
(223, '0fcc323b-4211-485d-b691-344944ffe0ea', 17, '2025-12-16 19:12:32', NULL, '2025-12-16 22:11:32'),
(224, '45ccfc28-4a82-4812-a1b7-20c85751f49c', 17, '2025-12-16 19:12:43', NULL, '2025-12-16 22:11:43'),
(225, '3c25a6cc-252e-4fb1-99f9-2152acb8a2cc', 17, '2025-12-16 19:14:39', NULL, '2025-12-16 22:13:39'),
(226, '3c852de7-e2f3-4f93-b4a9-b805d3d0e0d6', 17, '2025-12-16 19:15:55', NULL, '2025-12-16 22:14:55'),
(227, '774d0911-4fa7-4042-a1f3-89979721b0fd', 17, '2025-12-16 19:16:50', NULL, '2025-12-16 22:15:50'),
(228, 'ce96b6df-2320-40cb-9839-f35684ae35fa', 17, '2025-12-16 19:17:20', NULL, '2025-12-16 22:16:20'),
(229, '6aa6052b-2669-4005-9d61-b043656d2ed4', 8, '2025-12-16 19:19:10', NULL, '2025-12-16 22:18:10'),
(230, 'd6c5917a-f80f-4ab4-bfff-e234e85fcd1b', 1, '2025-12-16 19:27:15', NULL, '2025-12-16 22:26:15'),
(231, '792b546f-872d-4f7b-bb75-b5b465300318', 1, '2025-12-16 19:27:20', '2025-12-16 19:26:29', '2025-12-16 22:26:20'),
(232, 'a45cc353-ac54-4b5d-b061-d230f92c7e09', 1, '2025-12-16 19:27:42', NULL, '2025-12-16 22:26:42'),
(233, '333281a1-3c63-47c4-a357-369549dee663', 1, '2025-12-16 19:28:19', NULL, '2025-12-16 22:27:19'),
(234, '74f40da2-44ba-49e8-ae9f-f4ae148578e0', 1, '2025-12-16 19:28:41', NULL, '2025-12-16 22:27:41'),
(235, 'f12761b3-57d1-46e4-9028-04a7072af3ea', 1, '2025-12-16 19:28:51', '2025-12-16 19:27:55', '2025-12-16 22:27:51'),
(236, '05c2ef58-77bc-4db3-be89-08c44177b65e', 1, '2025-12-16 21:22:52', NULL, '2025-12-17 00:21:52'),
(237, '1ece75cd-d900-445a-a5d9-fcc292c1cddb', 1, '2025-12-16 21:22:54', NULL, '2025-12-17 00:21:54'),
(238, '6f574972-cf31-4b80-af3d-1f88d677fb9e', 16, '2025-12-16 21:36:54', NULL, '2025-12-17 00:35:54'),
(239, '307c7a18-3c52-4fa5-abe4-631a88f022c9', 1, '2025-12-16 21:45:10', NULL, '2025-12-17 00:44:10'),
(240, '0bd30f12-9fbb-4abc-9929-543926012e1b', 1, '2025-12-16 21:47:07', '2025-12-16 21:46:29', '2025-12-17 00:46:07'),
(241, 'e920e8b5-826d-401d-91bc-92e0717bb400', 1, '2025-12-16 21:47:57', NULL, '2025-12-17 00:46:57'),
(242, '52345e77-04cb-4395-9764-9b2907fc1947', 1, '2025-12-16 21:54:31', NULL, '2025-12-17 00:53:31'),
(243, 'ffb32204-d338-448c-939e-22a2e8cb6b56', 8, '2025-12-16 22:02:04', NULL, '2025-12-17 01:01:04'),
(244, 'e46e441c-b29f-487a-832b-2f582285f463', 8, '2025-12-16 22:20:39', NULL, '2025-12-17 01:19:39'),
(245, '02243728-36ff-4b2e-be4b-5b447b1de6db', 17, '2025-12-16 22:22:57', NULL, '2025-12-17 01:21:57'),
(246, '847726bd-e91d-4ebd-ad38-f2e0a631f19a', 17, '2025-12-16 22:24:37', NULL, '2025-12-17 01:23:37'),
(247, '45b9042b-9814-4d9a-aa9c-29e94e6c9353', 17, '2025-12-16 22:24:42', NULL, '2025-12-17 01:23:42'),
(248, 'bed5a4ce-e2fa-49f0-8d1e-8cb8136b8971', 17, '2025-12-17 14:51:43', NULL, '2025-12-17 17:50:43'),
(249, 'b448c97c-3fe0-4eff-bd20-d0417358fe9a', 17, '2025-12-17 14:52:11', NULL, '2025-12-17 17:51:11'),
(250, '271a9583-4011-4667-b1e3-5d567eda5875', 17, '2025-12-17 14:52:16', NULL, '2025-12-17 17:51:16'),
(251, '6b06a452-44be-4327-a0be-e043cc10e965', 17, '2025-12-17 14:55:10', NULL, '2025-12-17 17:54:10'),
(252, '1428228c-0198-478d-a56a-283e05c4b26b', 17, '2025-12-17 14:56:09', NULL, '2025-12-17 17:55:09'),
(253, 'bda9d1b5-9c59-4c62-860c-38279f24ef8f', 17, '2025-12-17 14:56:26', '2025-12-17 14:55:28', '2025-12-17 17:55:26'),
(254, 'c458cba8-03e6-419e-901a-2f426db199e5', 17, '2025-12-17 14:57:25', NULL, '2025-12-17 17:56:25'),
(255, '60af7f59-a464-4eeb-882e-08f4fd5ef5d4', 17, '2025-12-17 15:00:04', NULL, '2025-12-17 17:59:04'),
(256, '3c71a4ae-afdd-44c2-8a6a-f14625ea6ee9', 1, '2025-12-17 16:15:45', NULL, '2025-12-17 19:14:45'),
(257, 'd737457e-e30d-4f3f-b290-58abc8cdf188', 1, '2025-12-17 16:16:08', NULL, '2025-12-17 19:15:08'),
(258, '7c2fc6ad-96a1-4607-a83f-7867ef18c4f2', 1, '2025-12-17 16:16:31', NULL, '2025-12-17 19:15:31'),
(259, '22f6e0a3-718d-461c-93f5-306e83a56e59', 1, '2025-12-17 16:16:34', NULL, '2025-12-17 19:15:34'),
(260, '8e9866d5-5e83-41f5-9c5c-1fc3ce1defeb', 1, '2025-12-17 16:16:36', NULL, '2025-12-17 19:15:36'),
(261, '9d705e0a-18ff-4218-ab25-11260dc8d8df', 1, '2025-12-17 16:16:38', NULL, '2025-12-17 19:15:38'),
(262, 'ec7639dc-a036-480e-844a-805b5e2c05af', 1, '2025-12-17 16:16:41', NULL, '2025-12-17 19:15:41'),
(263, '9956b55f-4a81-44a0-9011-112912945417', 1, '2025-12-17 17:57:50', NULL, '2025-12-17 20:56:50'),
(264, '17d8a093-def5-4a67-90f3-0ad249b5de3c', 1, '2025-12-17 17:59:45', NULL, '2025-12-17 20:58:45'),
(265, 'adc00219-e90c-4425-aae7-abae45c1726e', 1, '2025-12-17 18:03:25', NULL, '2025-12-17 21:02:25'),
(266, 'f77e321c-62b1-4486-97f2-cade9b446d64', 1, '2025-12-17 18:03:32', NULL, '2025-12-17 21:02:32'),
(267, '358c6f80-e26a-447a-bf4a-8e93950210c9', 1, '2025-12-17 21:21:51', '2025-12-17 21:21:02', '2025-12-18 00:20:51'),
(268, '233a34e8-0a3f-4cc1-b6f9-6e940c4c5ced', 1, '2025-12-17 21:26:25', NULL, '2025-12-18 00:25:25'),
(269, '11831dd0-fd3f-4867-b111-ea4f28d96d79', 1, '2025-12-17 21:26:29', NULL, '2025-12-18 00:25:29'),
(270, '13788c82-fca4-47fc-8e5f-212bad99b1f6', 1, '2025-12-17 21:26:49', NULL, '2025-12-18 00:25:49'),
(271, '1d636242-32d5-4ca5-a8c8-902bfd54fc31', 1, '2025-12-17 21:27:55', NULL, '2025-12-18 00:26:55'),
(272, 'a7e138b3-2bdb-4388-937b-3b29445311ab', 1, '2025-12-17 21:28:15', NULL, '2025-12-18 00:27:15'),
(273, 'd50a8465-0e04-470e-ad8e-586a379b2a9f', 8, '2025-12-17 21:28:48', NULL, '2025-12-18 00:27:48'),
(274, '09946110-9853-48f6-94a7-8bed509b4b60', 8, '2025-12-17 21:29:04', NULL, '2025-12-18 00:28:04'),
(275, 'd33b3395-bbde-4a87-a553-ada1f0b1b514', 1, '2025-12-17 21:34:27', '2025-12-17 21:33:44', '2025-12-18 00:33:27'),
(276, '60c008bf-91bc-4e54-a06b-b7a39ca513b4', 1, '2025-12-17 21:35:17', NULL, '2025-12-18 00:34:17'),
(277, '8a45e445-649a-47cc-9545-7b22471fded2', 1, '2025-12-17 21:35:30', NULL, '2025-12-18 00:34:30'),
(278, '88b9197d-ac34-4547-a18c-ae44ba856edd', 1, '2025-12-17 21:35:34', NULL, '2025-12-18 00:34:34'),
(279, '7fd38a63-db3d-4b35-977b-f03850dc4fb8', 1, '2025-12-17 21:35:46', '2025-12-17 21:35:01', '2025-12-18 00:34:46'),
(280, '6cf5a3dd-1752-4a13-b874-dea8967072f2', 1, '2025-12-17 21:36:49', NULL, '2025-12-18 00:35:49'),
(281, '826075b1-905d-4816-bd9b-7157a768c295', 1, '2025-12-17 21:36:53', NULL, '2025-12-18 00:35:53'),
(282, 'bc3a977c-5bbb-422e-8e8b-62bcbc4623a2', 8, '2025-12-17 21:37:15', NULL, '2025-12-18 00:36:15'),
(283, 'd969b320-f059-4869-8bd0-fc76edf61879', 17, '2025-12-17 21:40:17', NULL, '2025-12-18 00:39:17'),
(284, '44efa909-ee8c-4ad3-9216-b000bb6a1521', 17, '2025-12-17 21:40:20', NULL, '2025-12-18 00:39:20'),
(285, '2b5360ae-f5b7-4186-b623-fbbf2cfbe1c2', 6, '2025-12-18 13:10:08', NULL, '2025-12-18 16:09:08'),
(286, '67b7023c-c9ac-4c12-a736-bbfd7599fb51', 6, '2025-12-18 13:15:27', NULL, '2025-12-18 16:14:27'),
(287, 'f9864ade-0f6a-4ff5-a1cf-fc3ab1ee6897', 1, '2025-12-18 14:10:47', NULL, '2025-12-18 17:09:47'),
(288, '5ed4292a-2812-47d6-bc41-b42c388a15d5', 1, '2025-12-18 14:11:00', NULL, '2025-12-18 17:10:00'),
(289, 'e1a34506-7308-41c8-97e9-9f0cab5a2d4c', 1, '2025-12-18 14:13:35', NULL, '2025-12-18 17:12:35'),
(290, 'c7da90c2-9314-4bda-87a4-d083c53c0093', 1, '2025-12-18 14:13:37', NULL, '2025-12-18 17:12:37'),
(291, 'd572f604-1261-4547-8fda-3506e3fd3e91', 1, '2025-12-18 14:13:43', NULL, '2025-12-18 17:12:43'),
(292, 'd5125f74-6af5-45f7-b2b4-96250aecc75d', 7, '2025-12-18 14:16:22', NULL, '2025-12-18 17:15:22'),
(293, 'b5734777-fa74-4a30-82b6-cef7e5eb358e', 7, '2025-12-18 14:20:14', NULL, '2025-12-18 17:19:14'),
(294, '3dee5372-9fd0-41cb-8c85-6a8c60656996', 7, '2025-12-18 14:25:33', NULL, '2025-12-18 17:24:33'),
(295, 'd0111271-22d8-4592-bd27-a570970279f9', 7, '2025-12-18 14:25:38', NULL, '2025-12-18 17:24:38'),
(296, 'da843f76-4e92-42e4-88d7-82b3b6b975bd', 1, '2025-12-18 14:38:13', NULL, '2025-12-18 17:37:13'),
(297, '88af9a06-8f77-420c-a593-462435343821', 1, '2025-12-18 15:34:01', NULL, '2025-12-18 18:33:02'),
(298, 'd40588cf-e8b5-4621-8b6a-b7c9669a5c3a', 1, '2025-12-18 15:34:18', NULL, '2025-12-18 18:33:18'),
(299, '505d39fd-9512-41d9-a903-be218fe85f73', 1, '2025-12-18 15:34:29', NULL, '2025-12-18 18:33:29'),
(300, '27739e42-7ee5-462a-a653-9b84061f0049', 7, '2025-12-18 16:10:11', NULL, '2025-12-18 19:09:11'),
(301, '5d7a89ac-4ae5-44cf-b0ee-f5e273aea27d', 7, '2025-12-18 16:13:37', NULL, '2025-12-18 19:12:37'),
(302, 'ddf52784-5e97-4b09-bf88-3b73be2fb143', 7, '2025-12-18 16:22:30', NULL, '2025-12-18 19:21:30'),
(303, 'b6f9c614-a8da-4fd0-bb8e-032fac6b1552', 1, '2025-12-18 17:24:38', '2025-12-18 17:23:50', '2025-12-18 20:23:38'),
(304, 'f9f8592e-421a-4733-a6b4-a435b08b7f0f', 1, '2025-12-18 17:25:39', NULL, '2025-12-18 20:24:39'),
(305, '8c996991-d881-4e29-be0c-b0e34dfdb2bf', 1, '2025-12-18 17:29:10', NULL, '2025-12-18 20:28:10'),
(306, '2c62d5c6-ede0-4183-a144-c800daa19d7f', 7, '2025-12-18 17:31:42', NULL, '2025-12-18 20:30:42'),
(307, 'a99082ab-2312-4364-9607-78dde70ea8af', 1, '2025-12-18 17:32:18', NULL, '2025-12-18 20:31:18'),
(308, '21bfb1e4-562a-43b6-9fb0-043ef0655cda', 1, '2025-12-18 17:33:18', NULL, '2025-12-18 20:32:18'),
(309, 'b1f0039c-3ea6-4c5f-a189-b52d5ace0278', 7, '2025-12-18 17:43:37', NULL, '2025-12-18 20:42:37'),
(310, '0a4d6bc7-3e98-495c-813a-8984731768ad', 1, '2025-12-18 18:04:28', NULL, '2025-12-18 21:03:28'),
(311, '64a8903c-9163-4fcd-8140-63240ad75c61', 1, '2025-12-18 18:05:23', NULL, '2025-12-18 21:04:23'),
(312, '207b275c-ee77-4ada-8508-1da5644f0a0a', 1, '2025-12-18 18:06:21', NULL, '2025-12-18 21:05:21'),
(313, 'b35c6dc2-ec84-4b54-9338-e9805aeda644', 8, '2025-12-18 18:06:51', NULL, '2025-12-18 21:05:51'),
(314, 'b061a7bf-3e09-49ae-a8c1-e5612d909ec9', 8, '2025-12-18 18:06:54', '2025-12-18 18:06:00', '2025-12-18 21:05:54'),
(315, '95bdd601-2cbf-48f6-84c5-0562c7032f6c', 8, '2025-12-18 18:07:54', NULL, '2025-12-18 21:06:54'),
(316, 'a6904241-4ca0-4c67-acab-4c7e11130aad', 8, '2025-12-18 18:12:49', NULL, '2025-12-18 21:11:49'),
(317, 'eea9136d-0c11-49f1-a970-b3a5b09a3a07', 1, '2025-12-18 18:13:48', NULL, '2025-12-18 21:12:48'),
(318, 'eed76975-73ca-4110-bda2-45ca33c818ec', 8, '2025-12-18 18:15:18', NULL, '2025-12-18 21:14:18'),
(319, '38e4c934-b9e9-44e2-8cfb-1932c21f9c3d', 8, '2025-12-18 18:17:13', NULL, '2025-12-18 21:16:13'),
(320, 'ee81010e-853b-482d-a910-c6dbfb317306', 8, '2025-12-18 18:20:37', NULL, '2025-12-18 21:19:37'),
(321, '928654f4-692f-40ef-a11e-b96d01672c7b', 7, '2025-12-18 18:29:23', NULL, '2025-12-18 21:28:23'),
(322, 'bcfe15ef-cab7-4673-9667-932645216278', 1, '2025-12-18 18:29:54', NULL, '2025-12-18 21:28:54'),
(323, '7049f489-0dad-4f31-bff5-c9a7456324e9', 1, '2025-12-18 21:01:27', NULL, '2025-12-19 00:00:27'),
(324, '093bba88-2f58-49af-b733-46a63c263666', 7, '2025-12-18 21:02:50', NULL, '2025-12-19 00:01:50'),
(325, 'd0f1c351-ee15-4269-b30a-bb5393b0b206', 7, '2025-12-18 21:04:30', NULL, '2025-12-19 00:03:30'),
(326, '918fe5e2-f5c2-4f52-a480-a063bbffa9ed', 7, '2025-12-18 21:05:08', NULL, '2025-12-19 00:04:08'),
(327, '7731a2f0-68f2-402d-9443-c195ec5f7478', 7, '2025-12-18 21:05:17', NULL, '2025-12-19 00:04:17'),
(328, '3dfbc71b-ec24-4828-a3a9-ce960bac3888', 8, '2025-12-18 21:06:25', NULL, '2025-12-19 00:05:25');

-- --------------------------------------------------------

--
-- Estructura de tabla para la tabla `subjects`
--

CREATE TABLE `subjects` (
  `id` int(10) UNSIGNED NOT NULL,
  `name` varchar(120) NOT NULL,
  `anio` tinyint(1) NOT NULL
) ENGINE=InnoDB DEFAULT CHARSET=utf8mb4 COLLATE=utf8mb4_unicode_ci;

--
-- Volcado de datos para la tabla `subjects`
--

INSERT INTO `subjects` (`id`, `name`, `anio`) VALUES
(4, 'Álgebra', 1),
(5, 'Algoritmos y Estructuras de Datos I', 1),
(13, 'Algoritmos y Estructuras de Datos II', 2),
(22, 'Algoritmos y Estructuras de Datos III', 3),
(3, 'Análisis Matemático I', 1),
(10, 'Análisis Matemático II', 2),
(7, 'Arquitectura de Computadores', 1),
(18, 'Aspectos Legales de la Profesión', 3),
(15, 'Base de Datos', 2),
(2, 'Ciencia, Tecnología y Sociedad', 1),
(11, 'Estadística', 2),
(12, 'Ingeniería de Software I', 2),
(21, 'Ingeniería de Software II', 3),
(1, 'Inglés I', 1),
(9, 'Inglés II', 2),
(17, 'Inglés III', 3),
(8, 'Prácticas Profesionalizantes I', 1),
(16, 'Prácticas Profesionalizantes II', 2),
(23, 'Prácticas Profesionalizantes III', 3),
(20, 'Redes y Comunicaciones', 3),
(19, 'Seminario de Actualización', 3),
(14, 'Sistemas Operativos', 2),
(6, 'Sistemas y Organizaciones', 1);

-- --------------------------------------------------------

--
-- Estructura de tabla para la tabla `users`
--

CREATE TABLE `users` (
  `id` int(10) UNSIGNED NOT NULL,
  `username` varchar(50) NOT NULL,
  `nombre` varchar(80) DEFAULT NULL,
  `apellido` varchar(80) DEFAULT NULL,
  `email` varchar(100) DEFAULT NULL,
  `dni` varchar(20) DEFAULT NULL,
  `turno` enum('mañana','tarde','noche') DEFAULT NULL,
  `anio` tinyint(1) NOT NULL DEFAULT 1,
  `password_hash` varchar(255) NOT NULL,
  `role` enum('admin','user','seguridad') DEFAULT 'user',
  `is_active` tinyint(1) NOT NULL DEFAULT 1,
  `created_at` timestamp NOT NULL DEFAULT current_timestamp()
) ENGINE=InnoDB DEFAULT CHARSET=utf8mb4 COLLATE=utf8mb4_unicode_ci;

--
-- Volcado de datos para la tabla `users`
--

INSERT INTO `users` (`id`, `username`, `nombre`, `apellido`, `email`, `dni`, `turno`, `anio`, `password_hash`, `role`, `is_active`, `created_at`) VALUES
(1, 'admin', 'Javier', 'Beltrán', 'franco.ngrodriguez@gmail.com', '40.123.456', 'mañana', 1, '$2b$10$a/PYpoH56a1sdmV.JqxjpurCiBeQlXMNDX5BkMhBOlcNFBGl2VGOS', 'admin', 1, '2025-09-28 23:05:27'),
(2, 'Maira', 'Maira', 'Gómez', 'gomezm@itbeltran.com.ar', '40.555.222', 'noche', 1, '$2b$10$SsIkleRIpic3SkoSqhcoWO64Wy2kfFT.wr0vFChTSZ3Fx4wGOSgA6', 'user', 1, '2025-09-30 00:50:44'),
(3, 'noche2', 'María', 'López', '41066138@itbeltran.com.ar', '41.234.567', 'noche', 1, '$2b$10$GJYJW3W6yAhAr1bvJpFuIeJ7DNSjDC2bZKz.D1y0IGyLR2W0a/TtC', 'user', 1, '2025-09-30 01:02:17'),
(4, 'alumno1', 'Lucía', 'Pérez', '41066138@itbeltran.com.ar', '41.111.222', 'mañana', 1, '$2b$10$ECM7DEQq.JWVx2Ly7V8zwOo5Hd9InKjGJGCPoiZ5BGP3mFxPa47ui', 'user', 1, '2025-09-30 19:18:12'),
(5, 'alumno3n', 'Mateo', 'Fernández', '41066138@itbeltran.com.ar', '45.678.901', 'noche', 3, '$2b$10$SsIkleRIpic3SkoSqhcoWO64Wy2kfFT.wr0vFChTSZ3Fx4wGOSgA6', 'user', 1, '2025-10-01 18:25:02'),
(6, 'Leandro', 'Admin', 'General', '30718968@itbeltran.com.ar', '00.000.000', 'mañana', 1, '$2b$10$SsIkleRIpic3SkoSqhcoWO64Wy2kfFT.wr0vFChTSZ3Fx4wGOSgA6', 'admin', 1, '2025-10-01 20:16:46'),
(7, 'Gallardo', 'Seguridad', 'Segundo', '41066138@itbeltran.com.ar', '11.111.111', 'tarde', 1, '$2b$10$SsIkleRIpic3SkoSqhcoWO64Wy2kfFT.wr0vFChTSZ3Fx4wGOSgA6', 'seguridad', 1, '2025-11-09 20:31:39'),
(8, 'jose', 'José', 'Gómez', 'franco.ngrodriguez@gmail.com', '40.100001', 'mañana', 1, '$2b$10$5yWIbf8bjUcSmv04ElGmpu0eXPxYqA1Csg0FHg/K6gGCOXCJEutgS', 'user', 1, '2025-12-16 03:45:15'),
(9, 'juan', 'Juan', 'Pérez', '41066138@itbeltran.com.ar', '40.100002', 'mañana', 1, '$2b$10$SsIkleRIpic3SkoSqhcoWO64Wy2kfFT.wr0vFChTSZ3Fx4wGOSgA6', 'user', 1, '2025-12-16 03:45:15'),
(10, 'martin', 'Martín', 'López', '41066138@itbeltran.com.ar', '40.100003', 'mañana', 1, '$2b$10$SsIkleRIpic3SkoSqhcoWO64Wy2kfFT.wr0vFChTSZ3Fx4wGOSgA6', 'user', 1, '2025-12-16 03:45:15'),
(11, 'lucas', 'Lucas', 'Fernández', '41066138@itbeltran.com.ar', '40.100004', 'mañana', 1, '$2b$10$SsIkleRIpic3SkoSqhcoWO64Wy2kfFT.wr0vFChTSZ3Fx4wGOSgA6', 'user', 1, '2025-12-16 03:45:15'),
(12, 'nicolas', 'Nicolás', 'Martínez', '45873236@itbeltran.com.ar', '40.100005', 'mañana', 1, '$2b$10$SsIkleRIpic3SkoSqhcoWO64Wy2kfFT.wr0vFChTSZ3Fx4wGOSgA6', 'user', 1, '2025-12-16 03:45:15'),
(13, 'mateo', 'Mateo', 'Rodríguez', '41066138@itbeltran.com.ar', '40.100006', 'mañana', 1, '$2b$10$SsIkleRIpic3SkoSqhcoWO64Wy2kfFT.wr0vFChTSZ3Fx4wGOSgA6', 'user', 1, '2025-12-16 03:45:15'),
(14, 'tomas', 'Tomás', 'Sánchez', '41066138@itbeltran.com.ar', '40.100007', 'mañana', 1, '$2b$10$SsIkleRIpic3SkoSqhcoWO64Wy2kfFT.wr0vFChTSZ3Fx4wGOSgA6', 'user', 1, '2025-12-16 03:45:15'),
(15, 'agustin', 'Agustín', 'Romero', '41066138@itbeltran.com.ar', '40.100008', 'mañana', 1, '$2b$10$SsIkleRIpic3SkoSqhcoWO64Wy2kfFT.wr0vFChTSZ3Fx4wGOSgA6', 'user', 1, '2025-12-16 03:45:15'),
(16, 'franco', 'Franco', 'Díaz', '41066138@itbeltran.com.ar', '40.100009', 'mañana', 1, '$2b$10$SsIkleRIpic3SkoSqhcoWO64Wy2kfFT.wr0vFChTSZ3Fx4wGOSgA6', 'user', 1, '2025-12-16 03:45:15'),
(17, 'federico', 'Federico', 'Álvarez', '41066138@itbeltran.com.ar', '40.100010', 'mañana', 1, '$2b$10$SsIkleRIpic3SkoSqhcoWO64Wy2kfFT.wr0vFChTSZ3Fx4wGOSgA6', 'seguridad', 1, '2025-12-16 03:45:15');

--
-- Índices para tablas volcadas
--

--
-- Indices de la tabla `access_logs`
--
ALTER TABLE `access_logs`
  ADD PRIMARY KEY (`id`),
  ADD UNIQUE KEY `jti` (`jti`),
  ADD KEY `idx_user_time` (`user_id`,`scanned_at`);

--
-- Indices de la tabla `class_schedules`
--
ALTER TABLE `class_schedules`
  ADD PRIMARY KEY (`id`),
  ADD KEY `fk_sched_subject` (`subject_id`),
  ADD KEY `idx_query` (`anio`,`turno`,`day`,`start_time`);

--
-- Indices de la tabla `ingresos`
--
ALTER TABLE `ingresos`
  ADD PRIMARY KEY (`id`);

--
-- Indices de la tabla `password_resets`
--
ALTER TABLE `password_resets`
  ADD PRIMARY KEY (`id`),
  ADD KEY `fk_pr_user` (`user_id`),
  ADD KEY `idx_token_hash` (`token_hash`);

--
-- Indices de la tabla `qr_tokens`
--
ALTER TABLE `qr_tokens`
  ADD PRIMARY KEY (`id`),
  ADD UNIQUE KEY `jti` (`jti`),
  ADD KEY `fk_qr_user` (`user_id`);

--
-- Indices de la tabla `subjects`
--
ALTER TABLE `subjects`
  ADD PRIMARY KEY (`id`),
  ADD UNIQUE KEY `uniq_subject` (`name`,`anio`);

--
-- Indices de la tabla `users`
--
ALTER TABLE `users`
  ADD PRIMARY KEY (`id`),
  ADD UNIQUE KEY `username` (`username`),
  ADD KEY `idx_users_role` (`role`),
  ADD KEY `idx_users_dni` (`dni`),
  ADD KEY `idx_users_turno_anio` (`turno`,`anio`);

--
-- AUTO_INCREMENT de las tablas volcadas
--

--
-- AUTO_INCREMENT de la tabla `access_logs`
--
ALTER TABLE `access_logs`
  MODIFY `id` bigint(20) UNSIGNED NOT NULL AUTO_INCREMENT, AUTO_INCREMENT=16;

--
-- AUTO_INCREMENT de la tabla `class_schedules`
--
ALTER TABLE `class_schedules`
  MODIFY `id` bigint(20) UNSIGNED NOT NULL AUTO_INCREMENT, AUTO_INCREMENT=100;

--
-- AUTO_INCREMENT de la tabla `ingresos`
--
ALTER TABLE `ingresos`
  MODIFY `id` int(11) NOT NULL AUTO_INCREMENT, AUTO_INCREMENT=62;

--
-- AUTO_INCREMENT de la tabla `password_resets`
--
ALTER TABLE `password_resets`
  MODIFY `id` int(10) UNSIGNED NOT NULL AUTO_INCREMENT, AUTO_INCREMENT=20;

--
-- AUTO_INCREMENT de la tabla `qr_tokens`
--
ALTER TABLE `qr_tokens`
  MODIFY `id` bigint(20) UNSIGNED NOT NULL AUTO_INCREMENT, AUTO_INCREMENT=329;

--
-- AUTO_INCREMENT de la tabla `subjects`
--
ALTER TABLE `subjects`
  MODIFY `id` int(10) UNSIGNED NOT NULL AUTO_INCREMENT, AUTO_INCREMENT=24;

--
-- AUTO_INCREMENT de la tabla `users`
--
ALTER TABLE `users`
  MODIFY `id` int(10) UNSIGNED NOT NULL AUTO_INCREMENT, AUTO_INCREMENT=18;

--
-- Restricciones para tablas volcadas
--

--
-- Filtros para la tabla `access_logs`
--
ALTER TABLE `access_logs`
  ADD CONSTRAINT `fk_access_user` FOREIGN KEY (`user_id`) REFERENCES `users` (`id`) ON DELETE CASCADE;

--
-- Filtros para la tabla `class_schedules`
--
ALTER TABLE `class_schedules`
  ADD CONSTRAINT `fk_sched_subject` FOREIGN KEY (`subject_id`) REFERENCES `subjects` (`id`);

--
-- Filtros para la tabla `password_resets`
--
ALTER TABLE `password_resets`
  ADD CONSTRAINT `fk_pr_user` FOREIGN KEY (`user_id`) REFERENCES `users` (`id`) ON DELETE CASCADE;

--
-- Filtros para la tabla `qr_tokens`
--
ALTER TABLE `qr_tokens`
  ADD CONSTRAINT `fk_qr_user` FOREIGN KEY (`user_id`) REFERENCES `users` (`id`) ON DELETE CASCADE;
COMMIT;

/*!40101 SET CHARACTER_SET_CLIENT=@OLD_CHARACTER_SET_CLIENT */;
/*!40101 SET CHARACTER_SET_RESULTS=@OLD_CHARACTER_SET_RESULTS */;
/*!40101 SET COLLATION_CONNECTION=@OLD_COLLATION_CONNECTION */;
